invoice_and_item_number,date,store_number,store_name,address,city,zip_code,store_location,county_number,county,category,category_name,vendor_number,vendor_name,item_number,item_description,pack,bottle_volume_ml,state_bottle_cost,state_bottle_retail,bottles_sold,sale_dollars,volume_sold_liters,volume_sold_gallons
RINV-05156500143,2024-02-28,2201,HAPPY'S WINE & SPIRITS WHOLESALE,5925 UNIVERSITY AVE,CEDAR FALLS,50613,POINT(-92.429482021 42.512313981),,BLACK HAWK,1011200.0,STRAIGHT BOURBON WHISKIES,259,HEAVEN HILL BRANDS,17916,ELIJAH CRAIG,12,750,17.52,26.28,-48,-1261.44,-36.0,-9.51
RINV-05986100231,2025-11-13,2588,HY-VEE FOOD AND DRUG #6 / CEDAR RAPIDS,4035 MT VERNON RD SE,CEDAR RAPIDS,52403.0,POINT(-91.60966 41.97553),,LINN,1011200,STRAIGHT BOURBON WHISKIES,619,CAMPARI AMERICA,22158,WILD TURKEY 101,6,1750,27.5,41.25,-12,-495.0,-21.0,-5.54
RINV-04961700066,2023-11-16,2502,HY-VEE WINE AND SPIRITS (1022) / ANKENY,410 NORTH ANKENY BLVD,ANKENY,50021,POINT(-93.602561976 41.73460601),,POLK,1062500.0,FLAVORED RUM,35,BACARDI USA INC,43138,BACARDI LIMON,6,1750,15.5,23.25,-12,-279.0,-21.0,-5.54
RINV-05644700064,2025-02-14,2633,HY-VEE #3 / BDI / DES MOINES,3221 SE 14TH ST,DES MOINES,50320,POINT(-93.59524 41.55472),,POLK,1032100.0,IMPORTED VODKAS,260,DIAGEO AMERICAS,34457,KETEL ONE,12,1000,15.16,22.74,-12,-272.88,-12.0,-3.17
RINV-04318900081,2022-10-13,5916,ANOTHER ROUND / DEWITT,622 S 6TH AVE,DEWITT,52742.0,POINT(-90.53908 41.80942),,CLINTON,1031100,AMERICAN VODKAS,301,FIFTH GENERATION INC,38177,TITOS HANDMADE VODKA,12,1000,13.17,19.76,-12,-237.12,-12.0,-3.17
RINV-05298200053,2024-06-11,3494,SAM'S CLUB 6514 / WATERLOO,210 EAST TOWER PARK DR,WATERLOO,50702,POINT(-92.352287039 42.454405004),,BLACK HAWK,1062200.0,WHITE RUM,35,BACARDI USA INC,43127,BACARDI SUPERIOR,12,1000,9.5,14.25,-12,-171.0,-12.0,-3.17
RINV-05490000146,2024-10-28,6209,HY-VEE / GRIMES,351 NORTHEAST GATEWAY DRIVE,GRIMES,50111.0,POINT(-93.77731 41.69032),,POLK,1012100,CANADIAN WHISKIES,259,HEAVEN HILL BRANDS,11788,BLACK VELVET,6,1750,11.5,17.25,-6,-103.5,-10.5,-2.77
RINV-05111000039,2024-01-30,2655,HY-VEE FOOD STORE / CLARINDA,1200 S 16TH ST,CLARINDA,51632,POINT(-95.036174029 40.726773013),,PAGE,1012100.0,CANADIAN WHISKIES,395,PROXIMO,14199,PENDLETON CANADIAN WHISKEY,6,1750,27.5,41.25,-6,-247.5,-10.5,-2.77
RINV-05558200054,2024-12-17,6116,KWIK SPIRITS #561 / CEDAR FALLS,4116 UNIVERSITY AVE  STE 104-105,CEDAR FALLS,50613.0,POINT(-92.40686 42.50582),,BLACK HAWK,1031100,AMERICAN VODKAS,297,LAIRD & COMPANY,35918,FIVE O'CLOCK VODKA,6,1750,7.72,11.58,-6,-69.48,-10.5,-2.77
RINV-05713500028,2025-04-11,10558,MERLE HAY LIQUOR & SMOKE / DES MOINES,3408 MERLE HAY ROAD,DES MOINES,50310.0,POINT(-93.69825 41.62526),,POLK,1052100,IMPORTED BRANDIES,420,MOET HENNESSY USA,48102,HENNESSY VS 100ML,8,1200,47.88,71.82,-8,-574.56,-9.6,-2.53
RINV-04539200079,2023-03-06,4969,LAKE LIQUORS WINE AND SPIRITS,910 N 8TH ST W,CLEAR LAKE,50428.0,POINT(-93.39665 43.14276),,CERRO GORDO,1012100,CANADIAN WHISKIES,380,PHILLIPS BEVERAGE,14516,REVEL STOKE CRACKBERRY BLACKBERRY,12,750,9.02,13.53,-12,-162.36,-9.0,-2.37
RINV-05670600095,2025-03-07,2513,HY-VEE FOOD STORE #2 (1285) / IOWA CITY,812 S 1ST AVE,IOWA CITY,52240.0,POINT(-91.50075 41.65099),,JOHNSON,1012400,IRISH WHISKIES,370,PERNOD RICARD USA,15626,JAMESON,12,750,17.49,26.24,-12,-314.88,-9.0,-2.37
RINV-04771900012,2023-07-27,2515,HY-VEE FOOD STORE #1 (1410) / MASON CITY,2400 4TH ST SW,MASON CITY,50401,POINT(-93.238599958 43.14966099),,CERRO GORDO,1011200.0,STRAIGHT BOURBON WHISKIES,421,SAZERAC COMPANY  INC,20536,KENTUCKY TAVERN BOURBON,12,750,4.5,6.75,-12,-81.0,-9.0,-2.37
RINV-04818100068,2023-08-24,5660,NORTH SIDE LIQUOR & TOBACCO / DUBUQUE,2013 CENTRAL AVE,DUBUQUE,52001,POINT(-90.67063402 42.511430989),,DUBUQUE,1011100.0,BLENDED WHISKIES,65,JIM BEAM BRANDS,24456,KESSLER BLEND WHISKEY,12,750,5.51,8.27,-12,-99.24,-9.0,-2.37
RINV-05559000061,2024-12-17,10292,PRIME MART / CEDAR FALLS,2728 CENTER STREET,CEDAR FALLS,50613.0,POINT(-92.45598 42.56105),,BLACK HAWK,1011200,STRAIGHT BOURBON WHISKIES,65,JIM BEAM BRANDS,28043,JIM BEAM VANILLA,12,750,11.5,17.25,-12,-198.0,-9.0,-2.37
RINV-05111600124,2024-01-30,2539,HY-VEE FOOD STORE (1295) / IOWA FALLS,640 S. OAK,IOWA FALLS,50126,POINT(-93.260927002 42.508279016),,HARDIN,1031100.0,AMERICAN VODKAS,594,"AMERICAN HERITAGE DISTILLERS, LLC / CENTURY FARMS DISTILLERY",37871,CENTURY FARMS VODKA,12,750,11.0,16.5,-12,-198.0,-9.0,-2.37
RINV-05973600078,2025-11-03,3443,SUPER SAVER IV,1141 N BROADWAY,COUNCIL BLUFFS,51503.0,POINT(-95.83548 41.27072),,POTTAWATTAMIE,1062200,WHITE RUM,35,BACARDI USA INC,43126,BACARDI SUPERIOR,12,750,8.99,13.49,-12,-161.88,-9.0,-2.37
RINV-06182100033,2026-04-27,6344,HELLO MART LLC / SIOUX CITY,4218 MORNINGSIDE AVENUE,SIOUX CITY,51106.0,POINT(-96.35282 42.47065),,WOODBURY,1051100,AMERICAN BRANDIES,205,E & J GALLO WINERY,52596,E & J VS,12,750,6.48,9.72,-12,-116.64,-9.0,-2.37
RINV-05760500023,2025-05-14,6261,WAUKEE LIQUOR & FOOD MART / WAUKEE,763 SE ALICE'S ROAD,WAUKEE,50263.0,POINT(-93.85193 41.60562),,DALLAS,1012300,SINGLE MALT SCOTCH,266,EDRINGTON GROUP USA LLC,5932,MACALLAN DOUBLE CASK 15YR,12,750,90.14,135.21,-12,-1622.52,-9.0,-2.37
RINV-05028500032,2023-12-14,6215,MARLE HAY LIQUOR & SMOKE / DES MOINES,3408 MERLE HAY ROAD,DES MOINES,50310,POINT(-93.698276018 41.625870011),,POLK,1022200.0,100% AGAVE TEQUILA,85,BROWN FORMAN CORP.,87586,EL JIMADOR SILVER,12,750,13.5,20.25,-12,-243.0,-9.0,-2.37
RINV-05944400011,2025-10-10,5406,CASEY'S GENERAL STORE # 2918/ CORALVILLE,2798 COMMERCE DR.,CORALVILLE,52241.0,POINT(-91.6104 41.69528),,JOHNSON,1081400,AMERICAN SCHNAPPS,421,SAZERAC COMPANY  INC,84171,99 BANANAS,48,100,1.0,1.5,-48,-72.0,-4.8,-1.26
RINV-04789700049,2023-08-07,2647,HY-VEE #7 / CEDAR RAPIDS,5050 EDGEWOOD RD,CEDAR RAPIDS,52411,POINT(-91.698522983 42.029484381),,LINN,1012400.0,IRISH WHISKIES,240,WILLIAM GRANT & SONS INC,15919,TULLAMORE DEW,12,375,8.0,12.0,-12,-144.0,-4.5,-1.18
RINV-05334600027,2024-07-09,10076,HOMETOWN SPIRITS / TIFFIN,119 WEST MARENGO ROAD,TIFFIN,52340,POINT(-91.664284585 41.70668719),,JOHNSON,1011200.0,STRAIGHT BOURBON WHISKIES,65,JIM BEAM BRANDS,27604,KNOB CREEK SMOKED MAPLE,6,750,21.0,31.5,-6,-189.0,-4.5,-1.18
RINV-04369100029,2022-11-10,6203,WORLD LIQUOR & TOBACCO + VAPORS / WAUKEE,23 NE CAREFREE LANE,WAUKEE,50263.0,POINT(-93.86911 41.61605),,DALLAS,1032100,IMPORTED VODKAS,420,MOET HENNESSY USA,36697,BELVEDERE SMOGORY,6,750,17.49,26.24,-6,-157.44,-4.5,-1.18
RINV-05712100021,2025-04-10,3814,COSTCO WHOLESALE #788 / WDM,7205 MILLS CIVIC PKWY,WEST DES MOINES,50266.0,POINT(-93.80575 41.56178),,DALLAS,1012200,SCOTCH WHISKIES,240,WILLIAM GRANT & SONS INC,5159,GLENFIDDICH 14YR,6,750,35.0,52.5,-6,-315.0,-4.5,-1.18
RINV-04946800035,2023-11-08,2190,"CENTRAL CITY LIQUOR, INC.",1460 2ND AVE,DES MOINES,50314,POINT(-93.620252988 41.605623985),,POLK,1022200.0,100% AGAVE TEQUILA,978,W J DEUTSCH & SONS LTD,88524,CANTERA NEGRA ANEJO,6,750,34.84,52.26,-6,-313.56,-4.5,-1.18
RINV-05397900037,2024-08-21,4011,JIM AND CHARLIES AFFILIATED,121 NORTH CLINTON,ALBIA,52531.0,POINT(-92.808752997 41.028661002),,MONROE,1701100,TEMPORARY & SPECIALTY PACKAGES,115,CONSTELLATION BRANDS INC,16433,HIGH WEST BOTTLED IN BOND,6,750,40.0,60.0,-4,-240.0,-3.0,-0.79
RINV-05058400019,2023-12-28,5816,CASEY'S GENERAL STORE #2916 / ALTOONA,170 36TH AVE SW,ALTOONA,50009,POINT(-93.509083974 41.649312015),,POLK,1081600.0,WHISKEY LIQUEUR,421,SAZERAC COMPANY  INC,65013,FIREBALL CINNAMON WHISKEY MINI SLEEVE,12,50,4.3,6.45,-60,-387.0,-3.0,-0.79
RINV-04221000076,2022-08-08,6143,HOMETOWN WINE & SPIRITS / OSKALOOSA,1202 A AVE E,OSKALOOSA,52577,POINT(-92.631668 41.296289),,MAHASKA,1081300.0,AMERICAN CORDIALS & LIQUEURS,434,LUXCO INC,79336,PARAMOUNT CREME DE MENTHE GREEN,12,750,5.0,7.5,-4,-30.0,-3.0,-0.79
RINV-04561900048,2023-03-22,6148,BEER ON FLOYD / SIOUX CITY,3132 FLOYD BLVD,SIOUX CITY,51108.0,POINT(-96.37095 42.53325),,WOODBURY,1022200,100% AGAVE TEQUILA,35,BACARDI USA INC,88296,PATRON SILVER,12,750,28.0,42.0,-4,-168.0,-3.0,-0.79
RINV-06142500026,2026-03-27,6257,STATION MART 2 / EVANSDALE,1119 RIVER FOREST ROAD,EVANSDALE,50707,POINT(-92.29778 42.4628),,BLACK HAWK,1031100,AMERICAN VODKAS,982,"FIFTH GENERATION DISTILLED SPIRITS, INC.",38179,TITOS HANDMADE VODKA,24,200,3.49,5.24,-10,-52.4,-2.0,-0.52
RINV-04520600084,2023-02-22,10037,WHISKEY WOLF LIQUOR / GLENWOOD,411 S LOCUST ST,GLENWOOD,51534.0,POINT(-95.74455 41.04203),,MILLS,1011200,STRAIGHT BOURBON WHISKIES,259,HEAVEN HILL BRANDS,18103,EVAN WILLIAMS 1783 SMALL BATCH,6,1750,20.0,30.0,-1,-30.0,-1.75,-0.46
RINV-06039800009,2025-12-29,10380,HIGHWAY LIQUOR & SMOKE SHOP / SHELDON,141 34TH AVE STE D,SHELDON,51201.0,POINT(-95.817 43.18515),,O'BRIEN,1011500,BOTTLED IN BOND BOURBON,259,HEAVEN HILL BRANDS,16017,HEAVEN HILL BOTTLED-IN-BOND 7YR,6,750,25.0,37.5,-2,-75.0,-1.5,-0.39
RINV-05326500070,2024-07-01,10347,THE SPOT SMOKE SHOP / INDEPENDENCE,112 2ND AVE SW BLDG 01,INDEPENDENCE,50644,POINT(-91.894997979 42.46814198),,BUCHANAN,1031100.0,AMERICAN VODKAS,229,DEHNER DISTILLERY,37257,GOTCHA VODKA,12,750,3.0,4.5,-2,-9.0,-1.5,-0.39
RINV-05912300025,2025-09-15,4320,FAREWAY STORES #470 / PERRY,1315 WILLIS AVE,PERRY,50220.0,POINT(-94.10289 41.8379),,DALLAS,1052100,IMPORTED BRANDIES,389,REMY COINTREAU USA INC,49186,REMY MARTIN VSOP,12,750,24.98,37.47,-2,-74.94,-1.5,-0.39
RINV-05456800055,2024-10-04,3756,MAIN STREET LIQUORS / MANNING,316 MAIN ST,MANNING,51455.0,POINT(-95.06512 41.90859),,CARROLL,1091300,NEUTRAL GRAIN SPIRITS FLAVORED,346,OLE SMOKY DISTILLERY LLC,86843,OLE SMOKY SALTY CARAMEL WHISKEY,6,750,11.0,16.5,-2,-33.0,-1.5,-0.39
RINV-05009300027,2023-12-07,5710,CASEY'S #3763 -WAVERLY,1032 4TH STREET SW,WAVERLY,50677,POINT(-92.476638021 42.715763013),,BREMER,1081600.0,WHISKEY LIQUEUR,421,SAZERAC COMPANY  INC,65013,FIREBALL CINNAMON WHISKEY MINI SLEEVE,12,50,4.3,6.45,-24,-154.8,-1.2,-0.31
RINV-04713100084,2023-06-26,2642,HY-VEE WINE AND SPIRITS / PELLA,512 E OSKALOOSA,PELLA,50219,POINT(-92.899561027 41.397395004),,MARION,1062400.0,SPICED RUM,260,DIAGEO AMERICAS,43334,CAPTAIN MORGAN ORIGINAL SPICED,24,375,5.0,7.5,-3,-22.5,-1.12,-0.29
RINV-04471800017,2023-01-19,6070,BIG 10 MART #11 / DUBUQUE,3300 ASBURY RD,DUBUQUE,52001,POINT(-90.72109 42.51246),,DUBUQUE,1011500.0,BOTTLED IN BOND BOURBON,421,SAZERAC COMPANY  INC,16086,EARLY TIMES BOTTLED IN BOND,12,1000,12.5,18.75,-1,-18.75,-1.0,-0.26
RINV-05221200034,2024-04-15,6224,MID TOWN LIQUOR & VAPE / MASON CITY,824 NORTH FEDERAL AVENUE,MASON CITY,50401,POINT(-93.201477012 43.15972401),,CERRO GORDO,1082200.0,IMPORTED SCHNAPPS,260,DIAGEO AMERICAS,69947,RUMPLE MINZE PEPPERMINT SCHNAPPS LIQUEUR,12,1000,16.99,25.49,-1,-25.49,-1.0,-0.26
RINV-05898600029,2025-09-03,10334,SPIRIT LIQUOR - 1 / GRIMES,109 1ST STREET,GRIMES,50111.0,POINT(-93.7941 41.68858),,POLK,1011400,TENNESSEE WHISKIES,85,BROWN FORMAN CORP.,76011,JACK DANIELS TENNESSEE BLACKBERRY,12,1000,20.27,30.41,-1,-30.41,-1.0,-0.26
RINV-05587900042,2025-01-06,5173,AUDUBON FOOD LAND,104 MARKET ST,AUDUBON,50025.0,POINT(-94.93637 41.7232),,AUDUBON,1012100,CANADIAN WHISKIES,259,HEAVEN HILL BRANDS,10550,BLACK VELVET TOASTED CARAMEL,12,750,6.0,9.0,-1,-9.0,-0.75,-0.19
RINV-04453200067,2023-01-10,4678,FAREWAY STORES #124 / ADEL,804 NILE KINNICK DR,ADEL,50003,POINT(-94.0168 41.61021),,DALLAS,1012100.0,CANADIAN WHISKIES,260,DIAGEO AMERICAS,11287,CROWN ROYAL 18YR EXTRA RARE,6,750,74.99,112.49,-1,-112.49,-0.75,-0.19
RINV-05890000009,2025-08-25,5489,CASEY'S GENERAL STORE #1550 / WINFIELD,201 N LOCUST,WINFIELD,52659.0,POINT(-91.43792 41.12995),,HENRY,1011200,STRAIGHT BOURBON WHISKIES,65,JIM BEAM BRANDS,19064,JIM BEAM,24,375,6.1,9.15,-2,-18.3,-0.75,-0.19
RINV-05445500007,2024-09-25,4136,FAREWAY STORES #983 / GRIMES,351 GATEWAY DR,GRIMES,50111.0,POINT(-93.77903 41.68635),,POLK,1011200,STRAIGHT BOURBON WHISKIES,65,JIM BEAM BRANDS,19502,MAKERS MARK WOOD FINISHING SERIES,6,750,35.0,52.5,-1,-52.5,-0.75,-0.19
RINV-04427900156,2022-12-20,3990,CORK AND BOTTLE / OSKALOOSA,309 A AVE WEST,OSKALOOSA,52577.0,,,MAHASKA,1011300,SINGLE BARREL BOURBON WHISKIES,35,BACARDI USA INC,27380,ANGELS ENVY RYE,6,750,44.99,67.49,-1,-67.49,-0.75,-0.19
RINV-05901600023,2025-09-05,10584,D AND M LIQUOR / INDIANOLA,1709 NORTH JEFFERSON WAY STE 300,INDIANOLA,50125.0,POINT(-93.55884 41.37822),,WARREN,1032100,IMPORTED VODKAS,260,DIAGEO AMERICAS,34456,KETEL ONE,12,750,11.33,17.0,-1,-17.0,-0.75,-0.19
RINV-05976000016,2025-11-03,4641,MAVERIK #5216 / SE 14TH DM,5830 SE 14TH ST,DES MOINES,50315.0,POINT(-93.59718 41.53324),,POLK,1031100,AMERICAN VODKAS,300,MCCORMICK DISTILLING CO.,36904,MCCORMICK 80PRF VODKA PET,24,375,1.84,2.76,-2,-5.52,-0.75,-0.19
RINV-05667900042,2025-03-06,6035,BOOTLEGGING BARZINIS,412 FIRST AVE,CORALVILLE,52241.0,POINT(-91.56614 41.67289),,JOHNSON,1062200,WHITE RUM,35,BACARDI USA INC,43507,HAVANA CLUB ANEJO BLANCO,12,750,10.5,15.75,-1,-15.75,-0.75,-0.19
RINV-05897600091,2025-09-02,5889,SUPER QUICK LIQUOR / WDM,1800 22ND ST,WEST DES MOINES,50266.0,POINT(-93.7366 41.59907),,POLK,1052100,IMPORTED BRANDIES,420,MOET HENNESSY USA,48254,HENNESSY VS FLASK,12,375,11.49,17.24,-2,-34.48,-0.75,-0.19
RINV-05724700047,2025-04-18,5245,BEST TRIP,"1516, SE  1ST ST",DES MOINES,50315.0,POINT(-93.61383 41.57609),,POLK,1022200,100% AGAVE TEQUILA,192,"MAST-JAGERMEISTER US, INC",88371,TEREMANA BLANCO TEQUILA,6,750,15.91,23.87,-1,-23.87,-0.75,-0.19
RINV-04354400023,2022-11-08,5183,CASEY'S GENERAL STORE #77 / CASCADE,717 1ST  AVE,CASCADE,52033.0,POINT(-91.00528 42.3018),,DUBUQUE,1081600,WHISKEY LIQUEUR,421,SAZERAC COMPANY  INC,65013,FIREBALL CINNAMON WHISKEY MINI SLEEVE,12,50,4.3,6.45,-11,-70.95,-0.55,-0.14
RINV-04903100069,2023-10-17,5443,1ST STOP BEVERAGE SHOP,2839 EAST UNIVERSITY AVE.,DES MOINES,50317,POINT(-93.561474976 41.600294016),,POLK,1012100.0,CANADIAN WHISKIES,260,DIAGEO AMERICAS,10803,CROWN ROYAL REGAL APPLE MINI,10,50,9.95,14.93,-10,-149.3,-0.5,-0.13
RINV-05733700020,2025-04-25,5439,MT. PLEASANT FAST BREAK,201 E. WASHINGTON STREET,MOUNT PLEASANT,52641.0,POINT(-91.55155 40.96527),,HENRY,1012100,CANADIAN WHISKIES,260,DIAGEO AMERICAS,10776,CROWN ROYAL PEACH,24,375,8.49,12.74,-1,-12.74,-0.37,-0.09
RINV-05475500015,2024-10-17,5973,CASEY'S GENERAL STORE #1908 / INDIANOLA,507 S JEFFERSON WAY,INDIANOLA,50125.0,POINT(-93.55828 41.3555),,WARREN,1012100,CANADIAN WHISKIES,260,DIAGEO AMERICAS,10805,CROWN ROYAL REGAL APPLE,24,375,8.49,12.74,-1,-12.74,-0.37,-0.09
RINV-05259100004,2024-05-14,10138,BRADY MART / DAVENPORT,3107 NORTH BRADY STREET,DAVENPORT,52803,POINT(-90.569335032 41.552112993),,SCOTT,1022200.0,100% AGAVE TEQUILA,260,DIAGEO AMERICAS,85047,DON JULIO 1942 MINI,6,50,75.0,112.5,-2,-225.0,-0.1,-0.02
RINV-06008500144,2025-12-03,4129,CYCLONE LIQUORS,626 LINCOLN WAY,AMES,50010.0,POINT(-93.61907 42.0229),,STORY,1031100,AMERICAN VODKAS,205,E & J GALLO WINERY,36965,NEW AMSTERDAM 80PRF MINI,12,50,4.61,6.92,-1,-6.92,-0.05,-0.01
RINV-05898900007,2025-09-03,10468,KWIK STAR #1702 / CLIVE,16050 HICKMAN ROAD,CLIVE,50325.0,POINT(-93.83931 41.61493),,POLK,1081300,AMERICAN CORDIALS & LIQUEURS,421,SAZERAC COMPANY  INC,84393,99 WATERMELON PET MINI,1,50,54.0,81.0,-1,-81.0,-0.05,-0.01
INV-91436600001,2026-02-05,2594,HY-VEE FOOD STORE / SIOUX CITY,4500 SERGEANT ROAD,SIOUX CITY,51106.0,POINT(-96.34779 42.44631),,WOODBURY,1071000,COCKTAILS/RTD,305,MHW LTD,100220,TWISTED SHOTZ TRADITIONAL PARTY PACK 3.0,1,25,58.45,87.68,1,87.68,0.02,0.0
INV-93346600002,2026-04-03,2518,HY-VEE WINE AND SPIRITS (1544) / RED OAK,1607 NORTH BROADWAY,RED OAK,51566.0,POINT(-95.23279 41.01913),,MONTGOMERY,1071000,COCKTAILS/RTD,305,MHW LTD,102400,TWISTED SHOTZ RED PARTY PACK,1,25,58.44,87.66,1,87.66,0.02,0.0
INV-59961100016,2023-07-03,5397,CASEY'S GENERAL STORE # 2774/AMANA,617 42ND AVE,AMANA,52203,POINT(-91.875148961 41.801423985),,IOWA,1082100.0,IMPORTED CORDIALS & LIQUEURS,192,"MAST-JAGERMEISTER US, INC",65259,JAGERMEISTER LIQUEUR MINI MEISTERS,12,20,5.63,8.45,1,8.45,0.02,0.0
INV-91502800003,2026-02-09,10165,SUPER MARKET / DAVENPORT,6723 NORTHWEST BOULEVARD,DAVENPORT,52806.0,POINT(-90.6089 41.58923),,SCOTT,1082100,IMPORTED CORDIALS & LIQUEURS,192,"MAST-JAGERMEISTER US, INC",65259,JAGERMEISTER LIQUEUR MINI MEISTERS,12,20,4.1,6.15,1,6.15,0.02,0.0
INV-38281800031,2021-07-13,5678,SAVE MORE / DAVENPORT,405 E LOCUST ST,DAVENPORT,52803.0,POINT(-90.568875 41.538264),82,SCOTT,1082100.0,IMPORTED CORDIALS & LIQUEURS,192.0,"MAST-JAGERMEISTER US, INC",65259,JAGERMEISTER LIQUEUR MINI MEISTERS,12,20,4.93,7.4,1,7.4,0.02,0.0
INV-22004000024,2019-09-18,5635,"BREW, GAS, COFFEE, SPIRIT, CIGARATTE",404  11TH ST,CORRECTIONVILLE,51016,POINT(-95.785271 42.482223),97,WOODBURY,1082000.0,IMPORTED CORDIALS & LIQUEURS,192.0,"MAST-JAGERMEISTER US, INC",65259,JAGERMEISTER MINI MEISTERS,12,20,4.93,7.4,1,7.4,0.02,0.0
INV-90685600010,2026-01-13,10320,SUPER MART / OELWEIN,701 SOUTH FREDERICK AVENUE,OELWEIN,50662.0,POINT(-91.91348 42.66924),,FAYETTE,1071000,COCKTAILS/RTD,305,MHW LTD,67081,TWISTED SHOTZ STRAWBERRY SUNDAE,1,25,55.26,82.89,1,82.89,0.02,0.0
INV-88874700038,2025-11-21,2612,HY-VEE STORE / PERRY,1215  141 ST,PERRY,50220.0,POINT(-94.1046 41.82923),,DALLAS,1071000,COCKTAILS/RTD,305,MHW LTD,67081,TWISTED SHOTZ STRAWBERRY SUNDAE,1,25,55.26,82.89,1,82.89,0.02,0.0
INV-86467000081,2025-09-10,2555,HY-VEE FOOD STORE (1324) / KEOKUK,3111 MAIN,KEOKUK,52632.0,POINT(-91.40268 40.41614),,LEE,1071000,COCKTAILS/RTD,305,MHW LTD,67118,TWISTED SHOTZ CHOCOLATE BUTTERY NIPPLE,1,25,46.15,69.23,1,69.23,0.02,0.0
INV-88638700073,2025-11-14,4169,SUPER QUICK 2 / HUBBELL,1824 HUBBELL AVE,DES MOINES,50317.0,POINT(-93.58672 41.59619),,POLK,1011100,BLENDED WHISKIES,65,JIM BEAM BRANDS,78187,TWISTED TEA WHISKEY MINI,12,25,5.0,7.5,1,7.5,0.02,0.0
INV-53075000009,2022-11-15,5770,CASEY'S GENERAL STORE #2427 / WATERLOO,3035 LOGAN AVE,WATERLOO,50703.0,POINT(-92.33752 42.54291),,BLACK HAWK,1081600,WHISKEY LIQUEUR,421,SAZERAC COMPANY  INC,100413,FIREBALL CINNAMON WHISKEY PARTY BUCKET,1,50,51.6,77.4,1,77.4,0.05,0.01
INV-83984800001,2025-06-27,5572,CASEY'S GENERAL STORE #2790 / CEDAR RAPIDS,588 BOYSON RD NE #110,CEDAR RAPIDS,52402.0,POINT(-91.64173 42.04698),,LINN,1081600,WHISKEY LIQUEUR,421,SAZERAC COMPANY  INC,100413,FIREBALL CINNAMON WHISKEY PARTY BUCKET,1,50,52.4,78.6,1,78.6,0.05,0.01
INV-69242500001,2024-04-16,5039,CASEY'S GENERAL STORE #3384 / SOLON,1200 S MARKET ST,SOLON,52333,POINT(-91.48964956 41.797592156),,JOHNSON,1081600.0,WHISKEY LIQUEUR,421,SAZERAC COMPANY  INC,100413,FIREBALL CINNAMON WHISKEY PARTY BUCKET,1,50,51.6,77.4,1,77.4,0.05,0.01
INV-63581100001,2023-10-24,3540,SUPER TARGET T-0533 / DAVENPORT,5225 ELMORE AVE,DAVENPORT,52807,POINT(-90.525977039 41.572833015),,SCOTT,1081600.0,WHISKEY LIQUEUR,421,SAZERAC COMPANY  INC,100413,FIREBALL CINNAMON WHISKEY PARTY BUCKET,1,50,51.6,77.4,1,77.4,0.05,0.01
INV-29946700001,2020-09-02,5146,FAREWAY STORES #153  /  W DES MOINES,329 GRAND AVE,WEST DES MOINES,50265.0,POINT(-93.70689 41.58269),77,POLK,1081600.0,WHISKEY LIQUEUR,421.0,SAZERAC COMPANY  INC,100413,FIREBALL CINNAMON WHISKEY PARTY BUCKET,1,50,60.0,90.0,1,90.0,0.05,0.01
INV-83771400001,2025-06-20,10306,ATLANTIC LIQUOR / ATLANTIC,411 CHESTNUT STREET,ATLANTIC,50022.0,POINT(-95.01298 41.40654),,CASS,1081600,WHISKEY LIQUEUR,421,SAZERAC COMPANY  INC,100413,FIREBALL CINNAMON WHISKEY PARTY BUCKET,1,50,52.4,78.6,1,78.6,0.05,0.01
INV-30038900013,2020-09-08,5525,HOP N SHOP / CLINTON,716 S 4TH ST,CLINTON,52732.0,POINT(-90.193204 41.838281),23,CLINTON,1081600.0,WHISKEY LIQUEUR,421.0,SAZERAC COMPANY  INC,100413,FIREBALL CINNAMON WHISKEY PARTY BUCKET,1,50,60.0,90.0,1,90.0,0.05,0.01
INV-85466300001,2025-08-13,3443,SUPER SAVER IV,1141 N BROADWAY,COUNCIL BLUFFS,51503.0,POINT(-95.83549 41.27072),,POTTAWATTAMIE,1081600,WHISKEY LIQUEUR,421,SAZERAC COMPANY  INC,100413,FIREBALL CINNAMON WHISKEY PARTY BUCKET,1,50,54.0,81.0,1,81.0,0.05,0.01
INV-82153600001,2025-05-01,2636,HY-VEE WINE AND SPIRITS / HUBBELL,2310 HUBBELL AVE,DES MOINES,50317.0,POINT(-93.574 41.60456),,POLK,1081600,WHISKEY LIQUEUR,421,SAZERAC COMPANY  INC,100413,FIREBALL CINNAMON WHISKEY PARTY BUCKET,1,50,52.4,78.6,1,78.6,0.05,0.01
INV-39558400010,2021-08-25,4555,CASEY'S GENERAL STORE #2614 / DONNELLSON,201 MADISON AVE,DONNELLSON,52625.0,POINT(-91.560169 40.639013),56,LEE,1081600.0,WHISKEY LIQUEUR,421,SAZERAC COMPANY  INC,100413,FIREBALL CINNAMON WHISKEY PARTY BUCKET,1,50,51.6,77.4,1,77.4,0.05,0.01
INV-88670900001,2025-11-17,10096,DIVISION MART / DAVENPORT,3721 NORTH DIVISION STREET,DAVENPORT,52806.0,POINT(-90.60069 41.55798),,SCOTT,1081600,WHISKEY LIQUEUR,421,SAZERAC COMPANY  INC,100413,FIREBALL CINNAMON WHISKEY PARTY BUCKET,1,50,54.0,81.0,1,81.0,0.05,0.01
INV-60144100001,2023-07-10,5832,CASEY'S GENERAL STORE #1605 / HAMPTON,719 4TH ST NE,HAMPTON,50441,POINT(-93.201892503 42.748896174),,FRANKLIN,1081600.0,WHISKEY LIQUEUR,421,SAZERAC COMPANY  INC,100413,FIREBALL CINNAMON WHISKEY PARTY BUCKET,1,50,51.6,77.4,1,77.4,0.05,0.01
INV-51763700003,2022-10-03,5329,DIVA & TEJ GAS & FOOD,2293 HWY 30,GRAND MOUNDS,52751,POINT(-90.646426 41.828096),,CLINTON,1081600.0,WHISKEY LIQUEUR,421,SAZERAC COMPANY  INC,100413,FIREBALL CINNAMON WHISKEY PARTY BUCKET,1,50,51.6,77.4,1,77.4,0.05,0.01
INV-60282000001,2023-07-13,4738,CASEY'S GENERAL STORE #2284 / COUNCIL BLUFFS,"1030, VETERAN MEMORIAL HWY",COUNCIL BLUFFS,51501,POINT(-95.860249976 41.219933015),,POTTAWATTAMIE,1081600.0,WHISKEY LIQUEUR,421,SAZERAC COMPANY  INC,100413,FIREBALL CINNAMON WHISKEY PARTY BUCKET,1,50,51.6,77.4,1,77.4,0.05,0.01
INV-64403600001,2023-11-17,5409,CASEY'S GENERAL STORE # 2179/ WAUKEE,1995 SE UNIVERSITY,WAUKEE,50263,POINT(-93.852220418 41.600439987),,DALLAS,1081600.0,WHISKEY LIQUEUR,421,SAZERAC COMPANY  INC,100413,FIREBALL CINNAMON WHISKEY PARTY BUCKET,1,50,51.6,77.4,1,77.4,0.05,0.01
INV-63351000001,2023-10-17,4152,FOOD LAND SUPER MARKETS,407 W HURON,MISSOURI VALLEY,51555,POINT(-95.899250971 41.557983007),,HARRISON,1081600.0,WHISKEY LIQUEUR,421,SAZERAC COMPANY  INC,100413,FIREBALL CINNAMON WHISKEY PARTY BUCKET,1,50,51.6,77.4,1,77.4,0.05,0.01
INV-90471800001,2026-01-06,3820,"CHARLIE'S WINE AND SPIRITS,",507 W 19TH ST,SIOUX CITY,51103.0,POINT(-96.42021 42.51054),,WOODBURY,1081600,WHISKEY LIQUEUR,421,SAZERAC COMPANY  INC,100413,FIREBALL CINNAMON WHISKEY PARTY BUCKET,1,50,54.0,81.0,1,81.0,0.05,0.01
INV-88794600001,2025-11-19,2597,HY-VEE FOOD STORE / CHEROKEE,1300 N. SECOND,CHEROKEE,51012.0,POINT(-95.55258 42.76533),,CHEROKEE,1081600,WHISKEY LIQUEUR,421,SAZERAC COMPANY  INC,100413,FIREBALL CINNAMON WHISKEY PARTY BUCKET,1,50,54.0,81.0,1,81.0,0.05,0.01
INV-74574800001,2024-09-24,4189,FAREWAY STORES #594 / MANCHESTER,109 EAST MARION ST,MANCHESTER,52057.0,POINT(-91.45724 42.48176),,DELAWARE,1081600,WHISKEY LIQUEUR,421,SAZERAC COMPANY  INC,100413,FIREBALL CINNAMON WHISKEY PARTY BUCKET,1,50,52.4,78.6,1,77.4,0.05,0.01
INV-85492400001,2025-08-14,5960,CASEY'S GENERAL STORE #1938 / ALTOONA,3348 8TH ST SW,ALTOONA,50009.0,POINT(-93.50249 41.64376),,POLK,1081600,WHISKEY LIQUEUR,421,SAZERAC COMPANY  INC,100413,FIREBALL CINNAMON WHISKEY PARTY BUCKET,1,50,54.0,81.0,1,81.0,0.05,0.01
INV-58949800001,2023-06-01,5571,CASEY'S GENERAL STORE #2782 / CEDAR RAPIDS,1495 BLAIRS FERRY RD NE,CEDAR RAPIDS,52402,POINT(-91.657807804 42.0347971250001),,LINN,1081600.0,WHISKEY LIQUEUR,421,SAZERAC COMPANY  INC,100413,FIREBALL CINNAMON WHISKEY PARTY BUCKET,1,50,51.6,77.4,1,77.4,0.05,0.01
INV-83782000001,2025-06-20,5106,RANDY'S NEIGHBORHOOD MARKET,622 10TH  ST,DEWITT,52742.0,POINT(-90.54008 41.82517),,CLINTON,1081600,WHISKEY LIQUEUR,421,SAZERAC COMPANY  INC,100413,FIREBALL CINNAMON WHISKEY PARTY BUCKET,1,50,52.4,78.6,1,78.6,0.05,0.01
INV-35330400047,2021-03-26,5251,NORTHSIDE LIQUOR,1303 NORTH FEDERAL,MASON CITY,50401.0,POINT(-93.201061 43.163663),17,CERRO GORDO,1081600.0,WHISKEY LIQUEUR,421.0,SAZERAC COMPANY  INC,100413,FIREBALL CINNAMON WHISKEY PARTY BUCKET,1,50,51.6,77.4,1,77.4,0.05,0.01
INV-69162300001,2024-04-12,6130,HIWAY 20 LIQUOR AND TOBACCO / FORT DODGE,1724 5TH AVE S,FORT DODGE,50501,POINT(-94.17388004 42.501306991),,WEBSTER,1081600.0,WHISKEY LIQUEUR,421,SAZERAC COMPANY  INC,100413,FIREBALL CINNAMON WHISKEY PARTY BUCKET,1,50,51.6,77.4,1,77.4,0.05,0.01
INV-85904800001,2025-08-26,5770,CASEY'S GENERAL STORE #2427 / WATERLOO,3035 LOGAN AVE,WATERLOO,50703.0,POINT(-92.33752 42.54263),,BLACK HAWK,1081600,WHISKEY LIQUEUR,421,SAZERAC COMPANY  INC,100413,FIREBALL CINNAMON WHISKEY PARTY BUCKET,1,50,54.0,81.0,1,81.0,0.05,0.01
INV-54842200018,2023-01-11,2521,HY-VEE FOOD AND DRUG (1888) / GRAND / WDM,1990 GRAND AVENUE,WEST DES MOINES,50265,POINT(-93.7314 41.57151),,POLK,1081600.0,WHISKEY LIQUEUR,421,SAZERAC COMPANY  INC,100413,FIREBALL CINNAMON WHISKEY PARTY BUCKET,1,50,51.6,77.4,1,77.4,0.05,0.01
INV-67899400001,2024-03-04,2619,HY-VEE WINE AND SPIRITS / WDM,1725  74TH ST,WEST DES MOINES,50266,POINT(-93.808788647 41.597293418),,POLK,1081600.0,WHISKEY LIQUEUR,421,SAZERAC COMPANY  INC,100413,FIREBALL CINNAMON WHISKEY PARTY BUCKET,1,50,51.6,77.4,1,77.4,0.05,0.01
INV-93452300001,2026-04-07,5534,CASEY'S GENERAL STORE #3674 / SIOUX CITY,4727 SOUTHERN HILLS DR,SIOUX CITY,51106.0,POINT(-96.34554 42.44091),,WOODBURY,1081600,WHISKEY LIQUEUR,421,SAZERAC COMPANY  INC,100413,FIREBALL CINNAMON WHISKEY PARTY BUCKET,1,50,54.0,81.0,1,81.0,0.05,0.01
INV-69359300001,2024-04-18,2679,HY-VEE FAST & FRESH/ALTOONA,3950 PRARIE FIRE NW,ALTOONA,50009,POINT(-93.509255971 41.651297981),,POLK,1081600.0,WHISKEY LIQUEUR,421,SAZERAC COMPANY  INC,100413,FIREBALL CINNAMON WHISKEY PARTY BUCKET,1,50,51.6,77.4,1,77.4,0.05,0.01
INV-63730000001,2023-10-27,2459,JUBILEE FOODS,200 STATE ST,GUTHRIE CENTER,50115,POINT(-94.505360003 41.676585009),,GUTHRIE,1081600.0,WHISKEY LIQUEUR,421,SAZERAC COMPANY  INC,100413,FIREBALL CINNAMON WHISKEY PARTY BUCKET,1,50,51.6,77.4,1,77.4,0.05,0.01
INV-85972300001,2025-08-27,2584,HY-VEE FOOD STORE / FORT MADISON,2606 AVENUE L,FORT MADISON,52627.0,POINT(-91.34329 40.62608),,LEE,1081600,WHISKEY LIQUEUR,421,SAZERAC COMPANY  INC,100413,FIREBALL CINNAMON WHISKEY PARTY BUCKET,1,50,54.0,81.0,1,81.0,0.05,0.01
INV-41678500019,2021-11-05,5425,SPIRITS LIQUOR / GRIMES,109 E 1ST ST. # B,GRIMES,50111,,77,POLK,1081600.0,WHISKEY LIQUEUR,421,SAZERAC COMPANY  INC,100413,FIREBALL CINNAMON WHISKEY PARTY BUCKET,1,50,51.6,77.4,1,77.4,0.05,0.01
INV-38878800011,2021-08-03,5956,BP FUEL / DUBUQUE,1450 LORAS BLVD,DUBUQUE,52001.0,POINT(-90.687255 42.500724),31,DUBUQUE,1081600.0,WHISKEY LIQUEUR,421,SAZERAC COMPANY  INC,100413,FIREBALL CINNAMON WHISKEY PARTY BUCKET,1,50,51.6,77.4,1,77.4,0.05,0.01
INV-80610300001,2025-03-17,6287,RIVERSIDE #4 / BETTENDORF,2320 SPRUCE HILLS DRIVE,BETTENDORF,52722.0,POINT(-90.50031 41.54952),,SCOTT,1081600,WHISKEY LIQUEUR,421,SAZERAC COMPANY  INC,100413,FIREBALL CINNAMON WHISKEY PARTY BUCKET,1,50,52.4,78.6,1,78.6,0.05,0.01
INV-93339000001,2026-04-03,5950,CASEY'S GENERAL STORE #3898 / ANAMOSA,23485 COUNTY ROAD E34,ANAMOSA,52205.0,POINT(-91.33433 42.07252),,JONES,1081600,WHISKEY LIQUEUR,421,SAZERAC COMPANY  INC,100413,FIREBALL CINNAMON WHISKEY PARTY BUCKET,1,50,54.0,81.0,1,81.0,0.05,0.01
INV-86032900001,2025-08-29,10534,CIRCLE K 1704 / BOONE,1704 S STORY ST,BOONE,50036.0,POINT(-93.8793 42.03684),,BOONE,1081600,WHISKEY LIQUEUR,421,SAZERAC COMPANY  INC,100413,FIREBALL CINNAMON WHISKEY PARTY BUCKET,1,50,54.0,81.0,1,81.0,0.05,0.01
INV-76703100001,2024-11-20,2670,HY-VEE FOOD STORE / CORALVILLE,2004 8TH  ST,CORALVILLE,52241.0,POINT(-91.592 41.68238),,JOHNSON,1081600,WHISKEY LIQUEUR,421,SAZERAC COMPANY  INC,100413,FIREBALL CINNAMON WHISKEY PARTY BUCKET,1,50,52.4,78.6,1,78.6,0.05,0.01
INV-85853400001,2025-08-25,10525,BIG 10 MART #22 / DAVENPORT,20919 NORTH BRADY STREET,DAVENPORT,52806.0,POINT(-90.56885 41.60995),,SCOTT,1081600,WHISKEY LIQUEUR,421,SAZERAC COMPANY  INC,100413,FIREBALL CINNAMON WHISKEY PARTY BUCKET,1,50,54.0,81.0,1,81.0,0.05,0.01
INV-77050700001,2024-11-29,10227,GRIMES LIQUOR SHOP / GRIMES,3600 SOUTHEAST CROSSROADS DRIVE,GRIMES,50111.0,POINT(-93.77297 41.65884),,POLK,1081600,WHISKEY LIQUEUR,421,SAZERAC COMPANY  INC,100413,FIREBALL CINNAMON WHISKEY PARTY BUCKET,1,50,52.4,78.6,1,78.6,0.05,0.01
INV-58135200001,2023-05-04,5604,CASEY'S GENERAL STORE #1599 / MT VERNON,323 HWY 30 W,MOUNT VERNON,52314,POINT(-91.4253742509999 41.916290287),,LINN,1081600.0,WHISKEY LIQUEUR,421,SAZERAC COMPANY  INC,100413,FIREBALL CINNAMON WHISKEY PARTY BUCKET,1,50,51.6,77.4,1,77.4,0.05,0.01
INV-91706500001,2026-02-16,5945,CASEY'S GENERAL STORE #3899 / CEDAR RAPIDS,235 EDGEWOOD RD NW,CEDAR RAPIDS,52405.0,POINT(-91.71601 41.97423),,LINN,1081600,WHISKEY LIQUEUR,421,SAZERAC COMPANY  INC,100413,FIREBALL CINNAMON WHISKEY PARTY BUCKET,1,50,54.0,81.0,1,81.0,0.05,0.01
INV-67885500001,2024-03-04,2647,HY-VEE #7 / CEDAR RAPIDS,5050 EDGEWOOD RD,CEDAR RAPIDS,52411,POINT(-91.698522983 42.029484381),,LINN,1081600.0,WHISKEY LIQUEUR,421,SAZERAC COMPANY  INC,100413,FIREBALL CINNAMON WHISKEY PARTY BUCKET,1,50,51.6,77.4,1,77.4,0.05,0.01
INV-85974500001,2025-08-27,5779,CASEY'S GENERAL STORE #1609 / ELDON,811 W ELM ST,ELDON,52554.0,POINT(-92.22748 40.92113),,WAPELLO,1081600,WHISKEY LIQUEUR,421,SAZERAC COMPANY  INC,100413,FIREBALL CINNAMON WHISKEY PARTY BUCKET,1,50,54.0,81.0,1,81.0,0.05,0.01
INV-45827700158,2022-03-23,2501,HY-VEE  #2 / AMES,640 LINCOLNWAY,AMES,50010.0,,85,STORY,1081600.0,WHISKEY LIQUEUR,421,SAZERAC COMPANY  INC,100413,FIREBALL CINNAMON WHISKEY PARTY BUCKET,1,50,51.6,77.4,1,77.4,0.05,0.01
INV-33024100019,2020-12-26,5207,JIM'S FOODS  /  CEDAR RAPIDS,"812, SIXTH  ST SW",CEDAR RAPIDS,52404.0,POINT(-91.677073 41.968016),57,LINN,1081600.0,WHISKEY LIQUEUR,421.0,SAZERAC COMPANY  INC,100413,FIREBALL CINNAMON WHISKEY PARTY BUCKET,1,50,51.6,77.4,1,90.0,0.05,0.01
INV-82497800001,2025-05-13,10283,CASEY'S GENERAL STORE # 2889 / SIOUX CITY,3051 FLOYD BOULEVARD,SIOUX CITY,51108.0,POINT(-96.37581 42.52702),,WOODBURY,1081600,WHISKEY LIQUEUR,421,SAZERAC COMPANY  INC,100413,FIREBALL CINNAMON WHISKEY PARTY BUCKET,1,50,52.4,78.6,1,78.6,0.05,0.01
INV-81580500001,2025-04-14,10525,BIG 10 MART #22 / DAVENPORT,20919 NORTH BRADY STREET,DAVENPORT,52806.0,POINT(-90.56885 41.60995),,SCOTT,1081600,WHISKEY LIQUEUR,421,SAZERAC COMPANY  INC,100413,FIREBALL CINNAMON WHISKEY PARTY BUCKET,1,50,52.4,78.6,1,78.6,0.05,0.01
INV-32151400047,2020-11-23,2670,HY-VEE FOOD STORE / CORALVILLE,2004 8TH  ST,CORALVILLE,52241,POINT(-91.591868 41.682337),52,JOHNSON,1081600.0,WHISKEY LIQUEUR,421,SAZERAC COMPANY  INC,100413,FIREBALL CINNAMON WHISKEY PARTY BUCKET,1,50,60.0,90.0,1,90.0,0.05,0.01
INV-89486000001,2025-12-09,6284,CASEY'S #3962 / SIOUX CITY,1419 HAMILTON BOULEVARD,SIOUX CITY,51103.0,POINT(-96.41669 42.50575),,WOODBURY,1081600,WHISKEY LIQUEUR,421,SAZERAC COMPANY  INC,100413,FIREBALL CINNAMON WHISKEY PARTY BUCKET,1,50,54.0,81.0,1,81.0,0.05,0.01
INV-38203300001,2021-07-09,5671,RUSS'S MARKET #30,900 S LOCUST,GLENWOOD,51534.0,POINT(-95.745944 41.038205),65,MILLS,1081600.0,WHISKEY LIQUEUR,421.0,SAZERAC COMPANY  INC,100413,FIREBALL CINNAMON WHISKEY PARTY BUCKET,1,50,51.6,77.4,1,77.4,0.05,0.01
INV-30141700022,2020-09-11,3691,TARGET STORE T-1791 / URBANDALE,11148 PLUM DR,URBANDALE,50322.0,POINT(-93.769776 41.646972),77,POLK,1081600.0,WHISKEY LIQUEUR,421.0,SAZERAC COMPANY  INC,100413,FIREBALL CINNAMON WHISKEY PARTY BUCKET,1,50,60.0,90.0,1,90.0,0.05,0.01
INV-72876100001,2024-08-02,5268,THE DEPOT ATKINS,"188, PARKRIDGE RD",ATKINS,52206,POINT(-91.862706026 41.992304983),,BENTON,1081600.0,WHISKEY LIQUEUR,421,SAZERAC COMPANY  INC,100413,FIREBALL CINNAMON WHISKEY PARTY BUCKET,1,50,51.6,77.4,1,77.4,0.05,0.01
INV-78775900001,2025-01-20,10541,SUPER SAVER TOBACCO & LIQUOR / DAVENPORT,1610 ROCKINGHAM ROAD,DAVENPORT,52802.0,POINT(-90.59928 41.52029),,SCOTT,1081600,WHISKEY LIQUEUR,421,SAZERAC COMPANY  INC,100413,FIREBALL CINNAMON WHISKEY PARTY BUCKET,1,50,52.4,78.6,1,78.6,0.05,0.01
INV-74838700001,2024-10-01,2549,HY-VEE FOOD STORE (1271) / INDIANOLA,910 N JEFFERSON,INDIANOLA,50125.0,POINT(-93.55702 41.36867),,WARREN,1081600,WHISKEY LIQUEUR,421,SAZERAC COMPANY  INC,100413,FIREBALL CINNAMON WHISKEY PARTY BUCKET,1,50,52.4,78.6,1,78.6,0.05,0.01
INV-74918400001,2024-10-03,2691,HY-VEE FAST & FRESH - DES MOINES,5801 HICKMAN ROAD,URBANDALE,50322.0,POINT(-93.69823 41.61518),,POLK,1081600,WHISKEY LIQUEUR,421,SAZERAC COMPANY  INC,100413,FIREBALL CINNAMON WHISKEY PARTY BUCKET,1,50,52.4,78.6,1,78.6,0.05,0.01
INV-65878000001,2024-01-03,2549,HY-VEE FOOD STORE (1271) / INDIANOLA,910 N JEFFERSON,INDIANOLA,50125,POINT(-93.556514985 41.368733003),,WARREN,1081600.0,WHISKEY LIQUEUR,421,SAZERAC COMPANY  INC,100413,FIREBALL CINNAMON WHISKEY PARTY BUCKET,1,50,51.6,77.4,1,77.4,0.05,0.01
INV-73669400001,2024-08-28,6214,CASEY'S #3934 / ANKENY,1515 SE CORPORATE WOODS DR,ANKENY,50021.0,POINT(-93.568971062 41.676613456),,POLK,1081600,WHISKEY LIQUEUR,421,SAZERAC COMPANY  INC,100413,FIREBALL CINNAMON WHISKEY PARTY BUCKET,1,50,51.6,77.4,1,77.4,0.05,0.01
INV-45294600132,2022-03-04,2560,HY-VEE FOOD STORE / MARION,3600 BUSINESS HWY 151 EAST,MARION,52302.0,,57,LINN,1081600.0,WHISKEY LIQUEUR,421,SAZERAC COMPANY  INC,100413,FIREBALL CINNAMON WHISKEY PARTY BUCKET,1,50,51.6,77.4,1,77.4,0.05,0.01
INV-79134700001,2025-01-29,5349,CASEY'S GENERAL STORE # 3564/ ROBINS,990 ROBINS SQUARE DR.,ROBINS,52328.0,POINT(-91.65398 42.06796),,LINN,1081600,WHISKEY LIQUEUR,421,SAZERAC COMPANY  INC,100413,FIREBALL CINNAMON WHISKEY PARTY BUCKET,1,50,52.4,78.6,1,78.6,0.05,0.01
INV-86130100001,2025-09-02,10287,BREW OIL #80 / WEST DES MOINES,136 1ST STREET,WEST DES MOINES,50265.0,POINT(-93.70375 41.57074),,POLK,1081600,WHISKEY LIQUEUR,421,SAZERAC COMPANY  INC,100413,FIREBALL CINNAMON WHISKEY PARTY BUCKET,1,50,54.0,81.0,1,81.0,0.05,0.01
INV-42561500180,2021-12-03,2506,HY-VEE #1044 / BURLINGTON,3140 AGENCY,BURLINGTON,52601.0,POINT(-91.136655 40.814666),29,DES MOINES,1081600.0,WHISKEY LIQUEUR,421,SAZERAC COMPANY  INC,100413,FIREBALL CINNAMON WHISKEY PARTY BUCKET,1,50,51.6,77.4,1,77.4,0.05,0.01
INV-89658000001,2025-12-15,6044,CASEY'S GENERAL STORE #2297 / WDM,108 8TH ST,WEST DES MOINES,50265.0,POINT(-93.71342 41.57004),,POLK,1081600,WHISKEY LIQUEUR,421,SAZERAC COMPANY  INC,100413,FIREBALL CINNAMON WHISKEY PARTY BUCKET,1,50,54.0,81.0,1,81.0,0.05,0.01
INV-74813900001,2024-10-01,2623,HY-VEE FOOD STORE #4 / SIOUX CITY,2827 HAMILTON BLVD,SIOUX CITY,51104.0,POINT(-96.41897 42.52055),,WOODBURY,1081600,WHISKEY LIQUEUR,421,SAZERAC COMPANY  INC,100413,FIREBALL CINNAMON WHISKEY PARTY BUCKET,1,50,52.4,78.6,1,78.6,0.05,0.01
INV-73444200001,2024-08-21,3390,OKOBOJI AVENUE LIQUOR,1610 OKOBOJI AVENUE,MILFORD,51351,POINT(-95.149544969 43.33153601),,DICKINSON,1081600.0,WHISKEY LIQUEUR,421,SAZERAC COMPANY  INC,100413,FIREBALL CINNAMON WHISKEY PARTY BUCKET,1,50,51.6,77.4,1,77.4,0.05,0.01
INV-55223800022,2023-01-24,6247,MINI MART #3 / CHARLES CITY,1200 N GRAND AVE,CHARLES CITY,50616,POINT(-92.67254 43.07529),,FLOYD,1081600.0,WHISKEY LIQUEUR,421,SAZERAC COMPANY  INC,100413,FIREBALL CINNAMON WHISKEY PARTY BUCKET,1,50,51.6,77.4,1,77.4,0.05,0.01
INV-78652000001,2025-01-15,2501,HY-VEE  #2 (1018) / AMES,640 LINCOLNWAY,AMES,50010.0,POINT(-93.61869 42.02028),,STORY,1081600,WHISKEY LIQUEUR,421,SAZERAC COMPANY  INC,100413,FIREBALL CINNAMON WHISKEY PARTY BUCKET,1,50,52.4,78.6,1,78.6,0.05,0.01
INV-89697500001,2025-12-16,5979,CASEY'S GENERAL STORE #2665 / WOODBINE,602 LINCOLNWAY ST,WOODBINE,51579.0,POINT(-95.7026 41.73811),,HARRISON,1081600,WHISKEY LIQUEUR,421,SAZERAC COMPANY  INC,100413,FIREBALL CINNAMON WHISKEY PARTY BUCKET,1,50,54.0,81.0,1,81.0,0.05,0.01
INV-93826300001,2026-04-17,2459,JUBILEE FOODS,200 STATE ST,GUTHRIE CENTER,50115.0,POINT(-94.50534 41.67725),,GUTHRIE,1081600,WHISKEY LIQUEUR,421,SAZERAC COMPANY  INC,100413,FIREBALL CINNAMON WHISKEY PARTY BUCKET,1,50,54.0,81.0,1,81.0,0.05,0.01
INV-71786500001,2024-07-02,4562,CASEY'S GENERAL STORE #2989 / MECHANICSVILLE,206 SHORT ST,MECHANICSVILLE,52306,POINT(-91.258269973 41.903455007),,CEDAR,1081600.0,WHISKEY LIQUEUR,421,SAZERAC COMPANY  INC,100413,FIREBALL CINNAMON WHISKEY PARTY BUCKET,1,50,51.6,77.4,1,77.4,0.05,0.01
INV-71915100001,2024-07-05,6133,LINCOLN FARM AND HOME 3 / PACIFIC JUNCTION,18880 HYLAND AVE,PACIFIC JUNCTION,51561,POINT(-95.82400604 41.04630298),,MILLS,1081600.0,WHISKEY LIQUEUR,421,SAZERAC COMPANY  INC,100413,FIREBALL CINNAMON WHISKEY PARTY BUCKET,1,50,51.6,77.4,1,77.4,0.05,0.01
INV-26112200020,2020-03-25,5655,ONE STOP SHOP #3 / ALGONA,220 S PHILLIPS ST,ALGONA,50511,POINT(-94.226877 43.06732),55,KOSSUTH,1081600.0,WHISKEY LIQUEUR,421,SAZERAC COMPANY  INC,100413,FIREBALL CINNAMON WHISKEY PARTY BUCKET,1,50,60.0,90.0,1,90.0,0.05,0.01
INV-64733700001,2023-11-29,5502,CASEY'S GENERAL STORE #3566 / PELLA,509 MAIN ST,PELLA,50219,POINT(-92.916985998 41.403531018),,MARION,1081600.0,WHISKEY LIQUEUR,421,SAZERAC COMPANY  INC,100413,FIREBALL CINNAMON WHISKEY PARTY BUCKET,1,50,51.6,77.4,1,77.4,0.05,0.01
INV-38347800026,2021-07-14,5274,FCA KINGSLEY C-STORE,101 MAIN ST,KINGSLEY,51028.0,POINT(-95.967322 42.587074),75,PLYMOUTH,1081600.0,WHISKEY LIQUEUR,421.0,SAZERAC COMPANY  INC,100413,FIREBALL CINNAMON WHISKEY PARTY BUCKET,1,50,51.6,77.4,1,77.4,0.05,0.01
INV-73716200001,2024-08-29,2575,HY-VEE FOOD STORE #1 / WATERLOO,2834 ANSBOROUGH AVE,WATERLOO,50702.0,POINT(-92.376721741 42.472615436),,BLACK HAWK,1081600,WHISKEY LIQUEUR,421,SAZERAC COMPANY  INC,100413,FIREBALL CINNAMON WHISKEY PARTY BUCKET,1,50,51.6,77.4,1,77.4,0.05,0.01
INV-84190800001,2025-07-03,5276,CASEY'S GENERAL STORE # 3502/ STANTO,616 HALLAND AVE,STANTON,51573.0,POINT(-95.09954 40.98625),,MONTGOMERY,1081600,WHISKEY LIQUEUR,421,SAZERAC COMPANY  INC,100413,FIREBALL CINNAMON WHISKEY PARTY BUCKET,1,50,54.0,81.0,1,78.6,0.05,0.01
INV-82703800002,2025-05-19,2573,HY-VEE FOOD STORE / MUSCATINE,2400 2ND AVE,MUSCATINE,52761.0,POINT(-91.0365 41.4508),,MUSCATINE,1081600,WHISKEY LIQUEUR,421,SAZERAC COMPANY  INC,100413,FIREBALL CINNAMON WHISKEY PARTY BUCKET,1,50,52.4,78.6,1,78.6,0.05,0.01
INV-35103200003,2021-03-17,4698,QUALITY QUICK STOP,201 W BURLINGTON AVE,FAIRFIELD,52556.0,POINT(-91.965379 41.006639),51,JEFFERSON,1081600.0,WHISKEY LIQUEUR,421.0,SAZERAC COMPANY  INC,100413,FIREBALL CINNAMON WHISKEY PARTY BUCKET,1,50,51.6,77.4,1,77.4,0.05,0.01
INV-92293700001,2026-03-04,6019,CASEY'S GENERAL STORE #3888 / ANKENY,1024 E 1ST ST,ANKENY,50021.0,POINT(-93.58161 41.73239),,POLK,1081600,WHISKEY LIQUEUR,421,SAZERAC COMPANY  INC,100413,FIREBALL CINNAMON WHISKEY PARTY BUCKET,1,50,54.0,81.0,1,81.0,0.05,0.01
INV-84188000001,2025-07-03,6118,CASH SAVER #33 / DES MOINES,1320 E EUCLID AVE,DES MOINES,50313.0,POINT(-93.60259 41.62857),,POLK,1081600,WHISKEY LIQUEUR,421,SAZERAC COMPANY  INC,100413,FIREBALL CINNAMON WHISKEY PARTY BUCKET,1,50,54.0,81.0,1,78.6,0.05,0.01
INV-82093100001,2025-04-29,6190,HAWKS LIQUOR & TOBACCO / CORALVILLE,2425 2ND STREET,CORALVILLE,52241.0,POINT(-91.60044 41.68445),,JOHNSON,1081600,WHISKEY LIQUEUR,421,SAZERAC COMPANY  INC,100413,FIREBALL CINNAMON WHISKEY PARTY BUCKET,1,50,52.4,78.6,1,78.6,0.05,0.01
INV-89991400001,2025-12-23,4553,CASEY'S GENERAL STORE #1892 / SHEFFIELD,702 E GILMAN ST,SHEFFIELD,50475.0,POINT(-93.20283 42.8932),,FRANKLIN,1081600,WHISKEY LIQUEUR,421,SAZERAC COMPANY  INC,100413,FIREBALL CINNAMON WHISKEY PARTY BUCKET,1,50,54.0,81.0,1,81.0,0.05,0.01
INV-48519400179,2022-06-21,2665,HY-VEE / WAUKEE,1005 E HICKMAN RD,WAUKEE,50263,POINT(-93.854473 41.615059),25,DALLAS,1081600.0,WHISKEY LIQUEUR,421,SAZERAC COMPANY  INC,100413,FIREBALL CINNAMON WHISKEY PARTY BUCKET,1,50,51.6,77.4,1,77.4,0.05,0.01
INV-39770800216,2021-09-02,4129,CYCLONE LIQUORS,626 LINCOLN WAY,AMES,50010,POINT(-93.618911 42.022854),85,STORY,1081600.0,WHISKEY LIQUEUR,421,SAZERAC COMPANY  INC,100413,FIREBALL CINNAMON WHISKEY PARTY BUCKET,1,50,51.6,77.4,1,77.4,0.05,0.01
INV-56038800057,2023-02-21,2549,HY-VEE FOOD STORE (1271) / INDIANOLA,910 N JEFFERSON,INDIANOLA,50125.0,POINT(-93.55836 41.36854),,WARREN,1081600,WHISKEY LIQUEUR,421,SAZERAC COMPANY  INC,100413,FIREBALL CINNAMON WHISKEY PARTY BUCKET,1,50,51.6,77.4,1,77.4,0.05,0.01
INV-89849600001,2025-12-19,10136,STAR LIQUOR TOBACCO AND VAPE / WAUKEE,23 NORTHEAST CAREFREE LANE,WAUKEE,50263.0,POINT(-93.86816 41.6163),,DALLAS,1081600,WHISKEY LIQUEUR,421,SAZERAC COMPANY  INC,100413,FIREBALL CINNAMON WHISKEY PARTY BUCKET,1,50,54.0,81.0,1,81.0,0.05,0.01
INV-84229900001,2025-07-07,2721,HY-VEE C-STORE #3 / DUBUQUE,300 S LOCUST,DUBUQUE,52003.0,POINT(-90.66445 42.48868),,DUBUQUE,1081600,WHISKEY LIQUEUR,421,SAZERAC COMPANY  INC,100413,FIREBALL CINNAMON WHISKEY PARTY BUCKET,1,50,54.0,81.0,1,78.6,0.05,0.01
INV-90058200001,2025-12-23,6257,STATION MART 2 / EVANSDALE,1119 RIVER FOREST ROAD,EVANSDALE,50707.0,POINT(-92.29778 42.4628),,BLACK HAWK,1081600,WHISKEY LIQUEUR,421,SAZERAC COMPANY  INC,100413,FIREBALL CINNAMON WHISKEY PARTY BUCKET,1,50,54.0,81.0,1,81.0,0.05,0.01
INV-90255500001,2025-12-30,5151,BREW IDA GROVE,"500, HWY 175",IDA GROVE,51445.0,POINT(-95.46737 42.35012),,IDA,1081600,WHISKEY LIQUEUR,421,SAZERAC COMPANY  INC,100413,FIREBALL CINNAMON WHISKEY PARTY BUCKET,1,50,54.0,81.0,1,81.0,0.05,0.01
INV-27205500034,2020-05-12,4947,THE MUSIC STATION,1420 W FIRST ST,CEDAR FALLS,50647,POINT(-92.462826 42.537839),7,BLACK HAWK,1081600.0,WHISKEY LIQUEUR,421,SAZERAC COMPANY  INC,100413,FIREBALL CINNAMON WHISKEY PARTY BUCKET,1,50,60.0,90.0,1,90.0,0.05,0.01
INV-44983900005,2022-02-22,5952,TOBACCO OUTLET PLUS #537 / IOWA CITY,923 S RIVERSIDE DR,IOWA CITY,52246,,52,JOHNSON,1081600.0,WHISKEY LIQUEUR,421,SAZERAC COMPANY  INC,100413,FIREBALL CINNAMON WHISKEY PARTY BUCKET,1,50,51.6,77.4,1,77.4,0.05,0.01
INV-46712600020,2022-04-21,6170,CASEY'S GENERAL STORE #4 / DES MOINES,6565 NW 6TH DRIVE,DES MOINES,50313,POINT(-93.629572 41.67967),77,POLK,1081600.0,WHISKEY LIQUEUR,421,SAZERAC COMPANY  INC,100413,FIREBALL CINNAMON WHISKEY PARTY BUCKET,1,50,51.6,77.4,1,77.4,0.05,0.01
INV-42803700056,2021-12-10,5915,THE HUT / COUNCIL BLUFFS,1925 W BROADWAY,COUNCIL BLUFFS,51501.0,POINT(-95.873109 41.261866),78,POTTAWATTAMIE,1081600.0,WHISKEY LIQUEUR,421,SAZERAC COMPANY  INC,100413,FIREBALL CINNAMON WHISKEY PARTY BUCKET,1,50,51.6,77.4,1,77.4,0.05,0.01
INV-44129700094,2022-01-25,2623,HY-VEE FOOD STORE #4 / SIOUX CITY,2827 HAMILTON BLVD,SIOUX CITY,51104.0,POINT(-96.417795 42.519966),97,WOODBURY,1081600.0,WHISKEY LIQUEUR,421,SAZERAC COMPANY  INC,100413,FIREBALL CINNAMON WHISKEY PARTY BUCKET,1,50,51.6,77.4,1,77.4,0.05,0.01
INV-54091200012,2022-12-16,5052,CASEY'S GENERAL STORE #3220 / GREENF,"302, SE 6TH ST",GREENFIELD,50849.0,POINT(-94.45326 41.30288),,ADAIR,1081600,WHISKEY LIQUEUR,421,SAZERAC COMPANY  INC,100413,FIREBALL CINNAMON WHISKEY PARTY BUCKET,1,50,51.6,77.4,1,77.4,0.05,0.01
INV-77738800002,2024-12-18,3443,SUPER SAVER IV,1141 N BROADWAY,COUNCIL BLUFFS,51503.0,POINT(-95.83549 41.27072),,POTTAWATTAMIE,1081600,WHISKEY LIQUEUR,421,SAZERAC COMPANY  INC,100413,FIREBALL CINNAMON WHISKEY PARTY BUCKET,1,50,52.4,78.6,1,78.6,0.05,0.01
INV-44145000027,2022-01-26,2605,HY-VEE DRUGSTORE #5 / CEDAR RAPIDS,2001 BLAIRS FERRY ROAD NE,CEDAR RAPIDS,52402.0,POINT(-91.668919 42.034799),57,LINN,1081600.0,WHISKEY LIQUEUR,421,SAZERAC COMPANY  INC,100413,FIREBALL CINNAMON WHISKEY PARTY BUCKET,1,50,51.6,77.4,1,77.4,0.05,0.01
INV-86994300001,2025-09-25,4656,CASEY'S GENERAL STORE #2301 / AMES,17005 HWY 69,AMES,50010.0,,,STORY,1081600,WHISKEY LIQUEUR,421,SAZERAC COMPANY  INC,100413,FIREBALL CINNAMON WHISKEY PARTY BUCKET,1,50,54.0,81.0,1,81.0,0.05,0.01
INV-64739900001,2023-11-29,5079,CASEY'S GENERAL STORE #2489 / DENISO,1608 4TH AVE S,DENISON,51442,POINT(-95.34916804 42.012813991),,CRAWFORD,1081600.0,WHISKEY LIQUEUR,421,SAZERAC COMPANY  INC,100413,FIREBALL CINNAMON WHISKEY PARTY BUCKET,1,50,51.6,77.4,1,77.4,0.05,0.01
INV-44647600002,2022-02-11,4464,PERFECT VALUE LIQUOR MART,5B  LINCOLN AVE,ELDRIDGE,52748,POINT(-90.547912 41.695152),82,SCOTT,1081600.0,WHISKEY LIQUEUR,421,SAZERAC COMPANY  INC,100413,FIREBALL CINNAMON WHISKEY PARTY BUCKET,1,50,51.6,77.4,1,77.4,0.05,0.01
INV-50279400010,2022-08-12,6118,CASH SAVER #33 / DES MOINES,1320 E EUCLID AVE,DES MOINES,50313,,,POLK,1081600.0,WHISKEY LIQUEUR,421,SAZERAC COMPANY  INC,100413,FIREBALL CINNAMON WHISKEY PARTY BUCKET,1,50,51.6,77.4,1,77.4,0.05,0.01
INV-93091700001,2026-03-27,5338,MAVERIK #5283 / NW 2ND AVE,5050 NW 2ND AVE,DES MOINES,50313.0,POINT(-93.62046 41.65208),,POLK,1081600,WHISKEY LIQUEUR,421,SAZERAC COMPANY  INC,100413,FIREBALL CINNAMON WHISKEY PARTY BUCKET,1,50,54.0,81.0,1,81.0,0.05,0.01
INV-71595600001,2024-06-25,10098,THE PUMPER / FAYETTE,515 W. WATER STREET,FAYETTE,52142,POINT(-91.808784991 42.844741015),,FAYETTE,1081600.0,WHISKEY LIQUEUR,421,SAZERAC COMPANY  INC,100413,FIREBALL CINNAMON WHISKEY PARTY BUCKET,1,50,51.6,77.4,1,77.4,0.05,0.01
INV-90430400001,2026-01-05,5039,CASEY'S GENERAL STORE #3384 / SOLON,1200 S MARKET ST,SOLON,52333.0,POINT(-91.48974 41.79788),,JOHNSON,1081600,WHISKEY LIQUEUR,421,SAZERAC COMPANY  INC,100413,FIREBALL CINNAMON WHISKEY PARTY BUCKET,1,50,54.0,81.0,1,81.0,0.05,0.01
INV-50378500060,2022-08-16,2593,HY-VEE FOOD STORE / CARROLL,905 US HIGHWAY 30 WEST,CARROLL,51401,POINT(-94.853591 42.064155),,CARROLL,1081600.0,WHISKEY LIQUEUR,421,SAZERAC COMPANY  INC,100413,FIREBALL CINNAMON WHISKEY PARTY BUCKET,1,50,51.6,77.4,1,77.4,0.05,0.01
INV-83256800001,2025-06-05,10370,CITY SMOKE SHOP / JOHNSTON,5765 MERLE HAY ROAD,JOHNSTON,50131.0,POINT(-93.69707 41.66486),,POLK,1081600,WHISKEY LIQUEUR,421,SAZERAC COMPANY  INC,100413,FIREBALL CINNAMON WHISKEY PARTY BUCKET,1,50,52.4,78.6,1,78.6,0.05,0.01
INV-84911100001,2025-07-28,6072,PEARL CITY TOBACCO & LIQUOR OUTLET / MUSCATINE,200 GREEN ST,MUSCATINE,52761.0,POINT(-91.05788 41.41386),,MUSCATINE,1081600,WHISKEY LIQUEUR,421,SAZERAC COMPANY  INC,100413,FIREBALL CINNAMON WHISKEY PARTY BUCKET,1,50,54.0,81.0,1,78.6,0.05,0.01
INV-74236200001,2024-09-13,10339,CASEY'S #4294 / CORYDON,200 EAST JEFFERSON STREET,CORYDON,50060.0,POINT(-93.316942003 40.756934998),,WAYNE,1081600,WHISKEY LIQUEUR,421,SAZERAC COMPANY  INC,100413,FIREBALL CINNAMON WHISKEY PARTY BUCKET,1,50,52.4,78.6,1,77.4,0.05,0.01
INV-40807400009,2021-10-08,5724,CASEY'S GENERAL STORE #3772,105 SOUTH 18TH STREET,CENTERVILLE,52544.0,,4,APPANOOSE,1081600.0,WHISKEY LIQUEUR,421,SAZERAC COMPANY  INC,100413,FIREBALL CINNAMON WHISKEY PARTY BUCKET,1,50,51.6,77.4,1,77.4,0.05,0.01
INV-65831100001,2023-12-30,5106,RANDY'S NEIGHBORHOOD MARKET,622 10TH  ST,DEWITT,52742,POINT(-90.540206996 41.825589012),,CLINTON,1081600.0,WHISKEY LIQUEUR,421,SAZERAC COMPANY  INC,100413,FIREBALL CINNAMON WHISKEY PARTY BUCKET,1,50,51.6,77.4,1,77.4,0.05,0.01
INV-90426200001,2026-01-05,4562,CASEY'S GENERAL STORE #2989 / MECHANICSVILLE,206 SHORT ST,MECHANICSVILLE,52306.0,POINT(-91.25834 41.90326),,CEDAR,1081600,WHISKEY LIQUEUR,421,SAZERAC COMPANY  INC,100413,FIREBALL CINNAMON WHISKEY PARTY BUCKET,1,50,54.0,81.0,1,81.0,0.05,0.01
INV-59842200001,2023-06-29,4627,CASEY'S GENERAL STORE #1388 / SULLY,807 1ST ST,SULLY,50251,POINT(-92.844347001 41.5813810060001),,JASPER,1081600.0,WHISKEY LIQUEUR,421,SAZERAC COMPANY  INC,100413,FIREBALL CINNAMON WHISKEY PARTY BUCKET,1,50,51.6,77.4,1,77.4,0.05,0.01
INV-59891900001,2023-06-30,2506,HY-VEE #2 (1044) / BURLINGTON,3140 AGENCY,BURLINGTON,52601,POINT(-91.136625005 40.816302007),,DES MOINES,1081600.0,WHISKEY LIQUEUR,421,SAZERAC COMPANY  INC,100413,FIREBALL CINNAMON WHISKEY PARTY BUCKET,1,50,51.6,77.4,1,77.4,0.05,0.01
INV-55943700022,2023-02-16,6073,KWIK SPIRITS #560 / CEDAR RAPIDS,2846 MOUNT VERNON RD SE,CEDAR RAPIDS,52405.0,POINT(-91.62427 41.97689),,LINN,1081600,WHISKEY LIQUEUR,421,SAZERAC COMPANY  INC,100413,FIREBALL CINNAMON WHISKEY PARTY BUCKET,1,50,51.6,77.4,1,77.4,0.05,0.01
INV-33378000007,2021-01-12,5649,THE DEPOT TIFFIN,221 W MARENGO RD,TIFFIN,52340.0,POINT(-91.665196 41.707121),52,JOHNSON,1081600.0,WHISKEY LIQUEUR,421.0,SAZERAC COMPANY  INC,100413,FIREBALL CINNAMON WHISKEY PARTY BUCKET,1,50,51.6,77.4,1,77.4,0.05,0.01
INV-66382400001,2024-01-17,2590,HY-VEE FOOD STORE #5 / CEDAR RAPIDS,3235 OAKLAND ROAD NE,CEDAR RAPIDS,52402,POINT(-91.659756597 42.011473515),,LINN,1081600.0,WHISKEY LIQUEUR,421,SAZERAC COMPANY  INC,100413,FIREBALL CINNAMON WHISKEY PARTY BUCKET,1,50,51.6,77.4,1,77.4,0.05,0.01
INV-66521700002,2024-01-23,2603,HY-VEE WINE AND SPIRITS / BETTENDORF,2890 DEVILS GLEN ROAD,BETTENDORF,52722,POINT(-90.483805647 41.55235808),,SCOTT,1081600.0,WHISKEY LIQUEUR,421,SAZERAC COMPANY  INC,100413,FIREBALL CINNAMON WHISKEY PARTY BUCKET,1,50,51.6,77.4,1,77.4,0.05,0.01
INV-48033700009,2022-06-04,5777,CASEY'S GENERAL STORE #2610 / ATLANTIC,1408 E 7TH ST,ATLANTIC,50022,POINT(-94.992851 41.403852),15,CASS,1081600.0,WHISKEY LIQUEUR,421,SAZERAC COMPANY  INC,100413,FIREBALL CINNAMON WHISKEY PARTY BUCKET,1,50,51.6,77.4,1,77.4,0.05,0.01
INV-72229700001,2024-07-16,3611,LOGAN SUPER FOODS,403 E 6TH,LOGAN,51546,POINT(-95.786122017 41.644505999),,HARRISON,1081600.0,WHISKEY LIQUEUR,421,SAZERAC COMPANY  INC,100413,FIREBALL CINNAMON WHISKEY PARTY BUCKET,1,50,51.6,77.4,1,77.4,0.05,0.01
INV-54352600010,2022-12-27,6070,BIG 10 MART #11 / DUBUQUE,3300 ASBURY RD,DUBUQUE,52001.0,POINT(-90.72109 42.51246),,DUBUQUE,1081600,WHISKEY LIQUEUR,421,SAZERAC COMPANY  INC,100413,FIREBALL CINNAMON WHISKEY PARTY BUCKET,1,50,51.6,77.4,1,77.4,0.05,0.01
INV-54425800057,2022-12-28,2585,HY-VEE WINE AND SPIRITS (1010) / ALGONA,1502 HIGHWAY 169 N SUITE 1,ALGONA,50511.0,POINT(-94.23605 43.08152),,KOSSUTH,1081600,WHISKEY LIQUEUR,421,SAZERAC COMPANY  INC,100413,FIREBALL CINNAMON WHISKEY PARTY BUCKET,1,50,51.6,77.4,1,77.4,0.05,0.01
INV-26948100006,2020-05-01,2688,HY-VEE C-STORE - EAST HICKMAN,1025 EAST HICKMAN,WAUKEE,50263,POINT(-93.854272 41.61506),25,DALLAS,1081600.0,WHISKEY LIQUEUR,421,SAZERAC COMPANY  INC,100413,FIREBALL CINNAMON WHISKEY PARTY BUCKET,1,50,60.0,90.0,1,90.0,0.05,0.01
INV-87398700001,2025-10-08,4529,CASEY'S GENERAL STORE #3262 / BUFFALO,101 1ST ST NE,BUFFALO CENTER,50424.0,POINT(-93.94539 43.38645),,WINNEBAGO,1081600,WHISKEY LIQUEUR,421,SAZERAC COMPANY  INC,100413,FIREBALL CINNAMON WHISKEY PARTY BUCKET,1,50,54.0,81.0,1,81.0,0.05,0.01
INV-27396800021,2020-05-20,5655,ONE STOP SHOP #3 / ALGONA,220 S PHILLIPS ST,ALGONA,50511,POINT(-94.226877 43.06732),55,KOSSUTH,1081600.0,WHISKEY LIQUEUR,421,SAZERAC COMPANY  INC,100413,FIREBALL CINNAMON WHISKEY PARTY BUCKET,1,50,60.0,90.0,1,90.0,0.05,0.01
INV-83611300001,2025-06-17,3820,"CHARLIE'S WINE AND SPIRITS,",507 W 19TH ST,SIOUX CITY,51103.0,POINT(-96.42021 42.51054),,WOODBURY,1081600,WHISKEY LIQUEUR,421,SAZERAC COMPANY  INC,100413,FIREBALL CINNAMON WHISKEY PARTY BUCKET,1,50,52.4,78.6,1,78.6,0.05,0.01
INV-77636900001,2024-12-17,5662,RIVERSIDE LIQUOR 2 / DAVENPORT,1528 W LOCUST,DAVENPORT,52804.0,POINT(-90.59742 41.53823),,SCOTT,1081600,WHISKEY LIQUEUR,421,SAZERAC COMPANY  INC,100413,FIREBALL CINNAMON WHISKEY PARTY BUCKET,1,50,52.4,78.6,1,78.6,0.05,0.01
INV-83328100001,2025-06-09,5618,CASEY'S GENERAL STORE #1446 / LISBON,150 E. BUSINESS 30,LISBON,52253.0,POINT(-91.34087 41.91831),,LINN,1081600,WHISKEY LIQUEUR,421,SAZERAC COMPANY  INC,100413,FIREBALL CINNAMON WHISKEY PARTY BUCKET,1,50,52.4,78.6,1,78.6,0.05,0.01
INV-49109400013,2022-07-12,6072,PEARL CITY TOBACCO & LIQUOR OUTLET / MUSCATINE,200 GREEN ST,MUSCATINE,52761,POINT(-91.057868 41.413913),70,MUSCATINE,1081600.0,WHISKEY LIQUEUR,421,SAZERAC COMPANY  INC,100413,FIREBALL CINNAMON WHISKEY PARTY BUCKET,1,50,51.6,77.4,1,77.4,0.05,0.01
INV-87576900001,2025-10-14,5228,ANTHON MINI MART,"101, W MAIN ST",ANTHON,51004.0,POINT(-95.86852 42.38826),,WOODBURY,1081600,WHISKEY LIQUEUR,421,SAZERAC COMPANY  INC,100413,FIREBALL CINNAMON WHISKEY PARTY BUCKET,1,50,54.0,81.0,1,81.0,0.05,0.01
INV-48884500059,2022-07-01,6108,DOUBLE D LIQUOR STORE / WAUKON,618 ROSSVILLE RD,WAUKON,52172,POINT(-91.473633 43.262112),3,ALLAMAKEE,1081600.0,WHISKEY LIQUEUR,421,SAZERAC COMPANY  INC,100413,FIREBALL CINNAMON WHISKEY PARTY BUCKET,1,50,51.6,77.4,1,77.4,0.05,0.01
INV-68512500001,2024-03-22,4859,CIRCLE K #4706604 / BURLINGTON,421 N MAIN ST,BURLINGTON,52601,POINT(-91.101407013 40.811176012),,DES MOINES,1081600.0,WHISKEY LIQUEUR,421,SAZERAC COMPANY  INC,100413,FIREBALL CINNAMON WHISKEY PARTY BUCKET,1,50,51.6,77.4,1,77.4,0.05,0.01
INV-59763100001,2023-06-27,6072,PEARL CITY TOBACCO & LIQUOR OUTLET / MUSCATINE,200 GREEN ST,MUSCATINE,52761,POINT(-91.058069976 41.413880992),,MUSCATINE,1081600.0,WHISKEY LIQUEUR,421,SAZERAC COMPANY  INC,100413,FIREBALL CINNAMON WHISKEY PARTY BUCKET,1,50,51.6,77.4,1,77.4,0.05,0.01
INV-50766200016,2022-08-30,5646,IOWA SMOKE AND LIQUOR,70 KIRKWOOD COURT SW,CEDAR RAPIDS,52404,POINT(-91.655476 41.921351),,LINN,1081600.0,WHISKEY LIQUEUR,421,SAZERAC COMPANY  INC,100413,FIREBALL CINNAMON WHISKEY PARTY BUCKET,1,50,51.6,77.4,1,77.4,0.05,0.01
INV-77745100001,2024-12-19,5079,CASEY'S GENERAL STORE #2489 / DENISO,1608 4TH AVE S,DENISON,51442.0,POINT(-95.34932 42.01268),,CRAWFORD,1081600,WHISKEY LIQUEUR,421,SAZERAC COMPANY  INC,100413,FIREBALL CINNAMON WHISKEY PARTY BUCKET,1,50,52.4,78.6,1,78.6,0.05,0.01
INV-57532300001,2023-04-14,6235,WORLD LIQUOR & TOBACCO + VAPORS / ADEL,918 COURT ST.,ADEL,50003,POINT(-94.019727034 41.6184099910001),,DALLAS,1081600.0,WHISKEY LIQUEUR,421,SAZERAC COMPANY  INC,100413,FIREBALL CINNAMON WHISKEY PARTY BUCKET,1,50,51.6,77.4,1,77.4,0.05,0.01
INV-49008200012,2022-07-08,2679,HY-VEE FAST & FRESH/ALTOONA,3950 PRARIE FIRE NW,ALTOONA,50009,,77,POLK,1081600.0,WHISKEY LIQUEUR,421,SAZERAC COMPANY  INC,100413,FIREBALL CINNAMON WHISKEY PARTY BUCKET,1,50,51.6,77.4,1,77.4,0.05,0.01
INV-67765000001,2024-02-28,2647,HY-VEE #7 / CEDAR RAPIDS,5050 EDGEWOOD RD,CEDAR RAPIDS,52411,POINT(-91.698522983 42.029484381),,LINN,1081600.0,WHISKEY LIQUEUR,421,SAZERAC COMPANY  INC,100413,FIREBALL CINNAMON WHISKEY PARTY BUCKET,1,50,51.6,77.4,1,77.4,0.05,0.01
INV-74278200003,2024-09-15,5106,RANDY'S NEIGHBORHOOD MARKET,622 10TH  ST,DEWITT,52742.0,POINT(-90.54008 41.82517),,CLINTON,1081600,WHISKEY LIQUEUR,421,SAZERAC COMPANY  INC,100413,FIREBALL CINNAMON WHISKEY PARTY BUCKET,1,50,52.4,78.6,1,77.4,0.05,0.01
INV-68785200001,2024-04-02,5553,CASEY'S GENERAL STORE #2222 / CLINTON,1107 13TH AVE N,CLINTON,52732,POINT(-90.212034029 41.858910011),,CLINTON,1081600.0,WHISKEY LIQUEUR,421,SAZERAC COMPANY  INC,100413,FIREBALL CINNAMON WHISKEY PARTY BUCKET,1,50,51.6,77.4,1,77.4,0.05,0.01
INV-67597100001,2024-02-22,5685,FAREWAY STORES #190 / CEDAR FALLS,4500 S MAIN ST,CEDAR FALLS,50613,POINT(-92.445026009 42.497803021),,BLACK HAWK,1081600.0,WHISKEY LIQUEUR,421,SAZERAC COMPANY  INC,100413,FIREBALL CINNAMON WHISKEY PARTY BUCKET,1,50,51.6,77.4,1,77.4,0.05,0.01
INV-70131000001,2024-05-13,4787,380BP / SWISHER,2722 NE 120TH ST,SWISHER,52338,POINT(-91.664584489 41.84887461),,JOHNSON,1081600.0,WHISKEY LIQUEUR,421,SAZERAC COMPANY  INC,100413,FIREBALL CINNAMON WHISKEY PARTY BUCKET,1,50,51.6,77.4,1,77.4,0.05,0.01
INV-40688700170,2021-10-05,2666,HY-VEE FOOD STORE #2 / STATE ANKENY,2510 SW STATE ST,ANKENY,50023.0,POINT(-93.621824 41.705188),77,POLK,1081600.0,WHISKEY LIQUEUR,421,SAZERAC COMPANY  INC,100413,FIREBALL CINNAMON WHISKEY PARTY BUCKET,1,50,51.6,77.4,1,77.4,0.05,0.01
INV-64195400001,2023-11-12,4548,CASEY'S GENERAL STORE #2594 / WALKER,401 GRANT ST,WALKER,52352,POINT(-91.781987041 42.283466986),,LINN,1081600.0,WHISKEY LIQUEUR,421,SAZERAC COMPANY  INC,100413,FIREBALL CINNAMON WHISKEY PARTY BUCKET,1,50,51.6,77.4,1,77.4,0.05,0.01
INV-76058000001,2024-11-05,5232,CASEY'S GENERAL STORE #27  /  AUDUBO,400 MARKET ST,AUDUBON,50025.0,POINT(-94.93393 41.71986),,AUDUBON,1081600,WHISKEY LIQUEUR,421,SAZERAC COMPANY  INC,100413,FIREBALL CINNAMON WHISKEY PARTY BUCKET,1,50,52.4,78.6,1,78.6,0.05,0.01
INV-70383100001,2024-05-20,5064,CASEY'S GENERAL STORE #2777 / FAIRFA,"65, WILLIAMS BLVD",FAIRFAX,52228,POINT(-91.778732013 41.928701006),,LINN,1081600.0,WHISKEY LIQUEUR,421,SAZERAC COMPANY  INC,100413,FIREBALL CINNAMON WHISKEY PARTY BUCKET,1,50,51.6,77.4,1,77.4,0.05,0.01
INV-79566900001,2025-02-12,10195,STAR / DENISON,810 4TH AVENUE SOUTH,DENISON,51442,POINT(-95.36302 42.01244),,CRAWFORD,1081600.0,WHISKEY LIQUEUR,421,SAZERAC COMPANY  INC,100413,FIREBALL CINNAMON WHISKEY PARTY BUCKET,1,50,52.4,78.6,1,78.6,0.05,0.01
INV-64513200001,2023-11-21,5999,CASEY'S GENERAL STORE #2771 / CEDAR RAPIDS,501 6TH STREET SW,CEDAR RAPIDS,52404,POINT(-91.676678486 41.970431191),,LINN,1701100.0,TEMPORARY & SPECIALTY PACKAGES,421,SAZERAC COMPANY  INC,100535,FIREBALL GIFT BOX,1,50,51.6,77.4,1,77.4,0.05,0.01
INV-53561000003,2022-12-01,5717,CASEY'S GENERAL STORE #3789,2480 1ST AVE SOUTH,ALTOONA,50009.0,POINT(-93.46462 41.63712),,POLK,1701100,TEMPORARY & SPECIALTY PACKAGES,421,SAZERAC COMPANY  INC,100535,FIREBALL GIFT BOX,1,50,51.6,77.4,1,77.4,0.05,0.01
INV-64182000001,2023-11-11,2656,HY-VEE FOOD STORE / CORNING,300  10TH ST,CORNING,50841,POINT(-94.732615023 40.992144989),,ADAMS,1701100.0,TEMPORARY & SPECIALTY PACKAGES,421,SAZERAC COMPANY  INC,100535,FIREBALL GIFT BOX,1,50,51.6,77.4,1,77.4,0.05,0.01
INV-37686200065,2021-06-21,2465,SID'S BEVERAGE SHOP,2727 DODGE ST,DUBUQUE,52003.0,POINT(-90.705328 42.491862),31,DUBUQUE,1012200.0,SCOTCH WHISKIES,260,DIAGEO AMERICAS,100612,JOHNNIE WALKER MINI DISCOVERY PACK,12,50,21.5,32.25,1,32.25,0.05,0.01
INV-42087400012,2021-11-17,4624,KWIK SHOP #568 / HIAWATHA,300 E BLAIRS FERRY RD,HIAWATHA,52233.0,POINT(-91.673066 42.034757),57,LINN,1701100.0,TEMPORARY & SPECIALTY PACKAGES,65,JIM BEAM BRANDS,100636,JIM BEAM MINI 12 SEASONS,6,50,6.5,9.75,1,9.75,0.05,0.01
INV-42380200001,2021-11-26,3403,ECON-O-MART / COLUMBUS JUNCTION,103 WALNUT ST. E,COLUMBUS JUNCTION,52738.0,POINT(-91.359363 41.280107),58,LOUISA,1700000.0,TEMPORARY & SPECIALTY PACKAGES,421,SAZERAC COMPANY  INC,100771,PLATINUM 7X VODKA CANDY CANE,1,50,25.8,38.7,1,38.7,0.05,0.01
INV-40703300032,2021-10-05,5362,CROSSROADS WINE & SPIRITS LLC,117 IOWA AVE,DUNLAP,51529.0,POINT(-95.602969 41.854728),43,HARRISON,1700000.0,TEMPORARY & SPECIALTY PACKAGES,421,SAZERAC COMPANY  INC,100771,PLATINUM 7X VODKA CANDY CANE,1,50,25.8,38.7,1,38.7,0.05,0.01
INV-22728100029,2019-10-22,4947,THE MUSIC STATION,1420 W FIRST ST,CEDAR FALLS,50647,POINT(-92.462826 42.537839),7,BLACK HAWK,1701100.0,TEMPORARY & SPECIALTY PACKAGES,65.0,JIM BEAM BRANDS,100802,MAKERS MARK MINI W/RIBBONS,12,50,8.0,12.0,1,12.0,0.05,0.01
INV-42103100001,2021-11-17,4556,CASEY'S GENERAL STORE #2552 / GOLDFIELD,319 E HWY 3,GOLDFIELD,50542.0,,99,WRIGHT,1700000.0,TEMPORARY & SPECIALTY PACKAGES,421,SAZERAC COMPANY  INC,100847,FIREBALL CINNAMON WHISKEY CANDY CANES,1,50,51.6,77.4,1,77.4,0.05,0.01
INV-63570400003,2023-10-23,5804,CASEY'S GENERAL STORE #2030 / CLINTON,1336 CAMANCHE AVE,CLINTON,52732,POINT(-90.20084796 41.830987),,CLINTON,1701100.0,TEMPORARY & SPECIALTY PACKAGES,421,SAZERAC COMPANY  INC,100847,FIREBALL CINNAMON WHISKEY CANDY CANES,1,50,51.6,77.4,1,77.4,0.05,0.01
INV-40216900083,2021-09-20,2633,HY-VEE #3 / BDI / DES MOINES,3221 SE 14TH ST,DES MOINES,50320,POINT(-93.596754 41.554101),77,POLK,1700000.0,TEMPORARY & SPECIALTY PACKAGES,421,SAZERAC COMPANY  INC,100847,FIREBALL CANDY CANES,1,50,51.6,77.4,1,77.4,0.05,0.01
INV-53426600003,2022-11-28,2554,HY-VEE FOOD STORE / DAVENPORT,3019 ROCKINGHAM ROAD,DAVENPORT,52802.0,POINT(-90.62058 41.5106),,SCOTT,1701100,TEMPORARY & SPECIALTY PACKAGES,421,SAZERAC COMPANY  INC,100847,FIREBALL CINNAMON WHISKEY CANDY CANES,1,50,51.6,77.4,1,77.4,0.05,0.01
INV-65057200001,2023-12-09,5409,CASEY'S GENERAL STORE # 2179/ WAUKEE,1995 SE UNIVERSITY,WAUKEE,50263,POINT(-93.852220418 41.600439987),,DALLAS,1701100.0,TEMPORARY & SPECIALTY PACKAGES,421,SAZERAC COMPANY  INC,100847,FIREBALL CINNAMON WHISKEY CANDY CANES,1,50,51.6,77.4,1,77.4,0.05,0.01
INV-53637400032,2022-12-05,4653,CASEY'S GENERAL STORE #1617 / JEFFERSON,508 N ELM,JEFFERSON,50129.0,POINT(-94.37744 42.02006),,GREENE,1701100,TEMPORARY & SPECIALTY PACKAGES,421,SAZERAC COMPANY  INC,100847,FIREBALL CINNAMON WHISKEY CANDY CANES,1,50,51.6,77.4,1,77.4,0.05,0.01
INV-42755000027,2021-12-09,2582,HY-VEE #2 FOOD STORE / MASON CITY,551 S ILLINOIS AVE,MASON CITY,50401.0,POINT(-93.17114 43.14623),17,CERRO GORDO,1700000.0,TEMPORARY & SPECIALTY PACKAGES,421,SAZERAC COMPANY  INC,100847,FIREBALL CINNAMON WHISKEY CANDY CANES,1,50,51.6,77.4,1,77.4,0.05,0.01
INV-76168600001,2024-11-07,6242,WALL TO WALL WINE AND SPIRITS / WEST DES MOINES,375 SOUTH JORDAN CREEK PARKWAY,WEST DES MOINES,50266.0,POINT(-93.8106 41.56318),,DALLAS,1701100,TEMPORARY & SPECIALTY PACKAGES,421,SAZERAC COMPANY  INC,100847,FIREBALL CINNAMON WHISKEY CANDY CANES,1,50,52.4,78.6,1,78.6,0.05,0.01
INV-31613900004,2020-11-03,5458,R&L FOODS,213 MAIN ST.,DOON,51235,POINT(-96.234214 43.279316),60,LYON,1700000.0,TEMPORARY & SPECIALTY PACKAGES,421,SAZERAC COMPANY  INC,100847,FIREBALL CANDY CANES,1,50,60.0,90.0,1,90.0,0.05,0.01
INV-62989700002,2023-10-05,5142,SMOKIN' JOE'S #13 TOBACCO AND LIQUOR OUTLET,2315 MT VERNON RD SE,CEDAR RAPIDS,52303,POINT(-91.633605478 41.976639164),,LINN,1701100.0,TEMPORARY & SPECIALTY PACKAGES,421,SAZERAC COMPANY  INC,100847,FIREBALL CINNAMON WHISKEY CANDY CANES,1,50,51.6,77.4,1,77.4,0.05,0.01
INV-64398500001,2023-11-17,4424,CIRCLE K #4706601 / BURLINGTON,1012 MAPLE ST,BURLINGTON,52601,POINT(-91.112311031 40.80500098),,DES MOINES,1701100.0,TEMPORARY & SPECIALTY PACKAGES,421,SAZERAC COMPANY  INC,100847,FIREBALL CINNAMON WHISKEY CANDY CANES,1,50,51.6,77.4,1,77.4,0.05,0.01
INV-75963100001,2024-11-01,2688,HY-VEE C-STORE - EAST HICKMAN,1025 EAST HICKMAN,WAUKEE,50263.0,POINT(-93.85478 41.61561),,DALLAS,1701100,TEMPORARY & SPECIALTY PACKAGES,421,SAZERAC COMPANY  INC,100847,FIREBALL CINNAMON WHISKEY CANDY CANES,1,50,52.4,78.6,1,78.6,0.05,0.01
INV-60302800002,2023-07-14,4753,CASEY'S GENERAL STORE #2521 / ADAIR,110 S 5TH ST,ADAIR,50002,POINT(-94.643355947 41.498191425),,ADAIR,1081300.0,AMERICAN CORDIALS & LIQUEURS,421,SAZERAC COMPANY  INC,100861,99 PARTY BUCKET MINIS,1,50,51.6,77.4,1,77.4,0.05,0.01
INV-88046600002,2025-10-28,10098,THE PUMPER / FAYETTE,515 W. WATER STREET,FAYETTE,52142.0,POINT(-91.80878 42.84444),,FAYETTE,1081300,AMERICAN CORDIALS & LIQUEURS,421,SAZERAC COMPANY  INC,100861,99 PARTY BUCKET MINIS,1,50,54.0,81.0,1,81.0,0.05,0.01
INV-63539400004,2023-10-23,2675,HY-VEE #2 / CORALVILLE,3285 CROSSPARK RD,CORALVILLE,52241,POINT(-91.604094893 41.72215222),,JOHNSON,1081300.0,AMERICAN CORDIALS & LIQUEURS,421,SAZERAC COMPANY  INC,100861,99 PARTY BUCKET MINIS,1,50,51.6,77.4,1,77.4,0.05,0.01
INV-60026100003,2023-07-06,6019,CASEY'S GENERAL STORE #3888 / ANKENY,1024 E 1ST ST,ANKENY,50021,POINT(-93.581705035 41.732371017),,POLK,1081300.0,AMERICAN CORDIALS & LIQUEURS,421,SAZERAC COMPANY  INC,100861,99 PARTY BUCKET MINIS,1,50,51.6,77.4,1,77.4,0.05,0.01
INV-82507400001,2025-05-13,10257,MAYNARDS OF AKRON / AKRON,200 REED STREET,AKRON,51001.0,POINT(-96.55941 42.82871),,PLYMOUTH,1081300,AMERICAN CORDIALS & LIQUEURS,421,SAZERAC COMPANY  INC,100861,99 PARTY BUCKET MINIS,1,50,52.4,78.6,1,78.6,0.05,0.01
INV-79657400002,2025-02-14,5157,KIMMES MANSON COUNTRY STORE #10,208 MAIN ST,MANSON,50563,POINT(-94.53453 42.51787),,CALHOUN,1081300.0,AMERICAN CORDIALS & LIQUEURS,421,SAZERAC COMPANY  INC,100861,99 PARTY BUCKET MINIS,1,50,52.4,78.6,1,78.6,0.05,0.01
INV-69301000001,2024-04-17,4233,FAREWAY STORES #815 / CRESCO,112 S ELM ST,CRESCO,52136,POINT(-92.117985018 43.372048011),,HOWARD,1081300.0,AMERICAN CORDIALS & LIQUEURS,421,SAZERAC COMPANY  INC,100861,99 PARTY BUCKET MINIS,1,50,51.6,77.4,1,77.4,0.05,0.01
INV-47494800042,2022-05-16,4492,CASEY'S GENERAL STORE #2773 / CEDAR RAPIDS,3625 EDGEWOOD RD SW,CEDAR RAPIDS,52404.0,POINT(-91.715911 41.942366),57,LINN,1081300.0,AMERICAN CORDIALS & LIQUEURS,421,SAZERAC COMPANY  INC,100861,99 PARTY BUCKET MINIS,1,50,51.6,77.4,1,77.4,0.05,0.01
INV-85605900002,2025-08-19,2721,HY-VEE C-STORE #3 / DUBUQUE,300 S LOCUST,DUBUQUE,52003.0,POINT(-90.66445 42.48868),,DUBUQUE,1081300,AMERICAN CORDIALS & LIQUEURS,421,SAZERAC COMPANY  INC,100861,99 PARTY BUCKET MINIS,1,50,54.0,81.0,1,81.0,0.05,0.01
INV-73446900003,2024-08-21,5792,CASEY'S GENERAL STORE #2672 / SANBORN,510 W 7TH ST,SANBORN,51248,POINT(-95.662215024 43.186316017),,O'BRIEN,1081300.0,AMERICAN CORDIALS & LIQUEURS,421,SAZERAC COMPANY  INC,100861,99 PARTY BUCKET MINIS,1,50,51.6,77.4,1,77.4,0.05,0.01
INV-73420100002,2024-08-20,10388,CASEY'S  #4553 / CEDAR FALLS,1525 WEST RIDGEWAY AVENUE,CEDAR FALLS,50613,POINT(-92.463930972 42.470100998),,BLACK HAWK,1081300.0,AMERICAN CORDIALS & LIQUEURS,421,SAZERAC COMPANY  INC,100861,99 PARTY BUCKET MINIS,1,50,51.6,77.4,1,77.4,0.05,0.01
INV-52423700001,2022-10-25,5683,CASEY'S GENERAL STORE #2697 / ONAWA,706 10TH ST,ONAWA,51040.0,POINT(-96.0972 42.03036),,MONONA,1081300,AMERICAN CORDIALS & LIQUEURS,421,SAZERAC COMPANY  INC,100861,99 PARTY BUCKET MINIS,1,50,51.6,77.4,1,77.4,0.05,0.01
INV-51309100056,2022-09-16,2606,HY-VEE WINE AND SPIRITS / HUMBOLDT,1011  13TH ST NORTH,HUMBOLDT,50548,POINT(-94.227116 42.733221),,HUMBOLDT,1081300.0,AMERICAN CORDIALS & LIQUEURS,421,SAZERAC COMPANY  INC,100861,99 PARTY BUCKET MINIS,1,50,51.6,77.4,1,77.4,0.05,0.01
INV-58384000001,2023-05-12,2656,HY-VEE FOOD STORE / CORNING,300  10TH ST,CORNING,50841,POINT(-94.7326150229999 40.9921449890001),,ADAMS,1081300.0,AMERICAN CORDIALS & LIQUEURS,421,SAZERAC COMPANY  INC,100861,99 PARTY BUCKET MINIS,1,50,51.6,77.4,1,77.4,0.05,0.01
INV-89451300002,2025-12-09,2605,HY-VEE DRUGSTORE #5 / CEDAR RAPIDS,2001 BLAIRS FERRY RD NE,CEDAR RAPIDS,52402.0,POINT(-91.66913 42.0348),,LINN,1081300,AMERICAN CORDIALS & LIQUEURS,421,SAZERAC COMPANY  INC,100861,99 PARTY BUCKET MINIS,1,50,54.0,81.0,1,81.0,0.05,0.01
INV-71809700001,2024-07-02,10416,LIQUOR LAND / DES MOINES,4995 MERLE HAY ROAD,DES MOINES,50310,POINT(-93.696275006 41.650900008),,POLK,1081300.0,AMERICAN CORDIALS & LIQUEURS,421,SAZERAC COMPANY  INC,100861,99 PARTY BUCKET MINIS,1,50,51.6,77.4,1,77.4,0.05,0.01
INV-84686100001,2025-07-22,6256,821 SQ LIQUOR / DES MOINES,821 EAST EUCLID AVENUE,DES MOINES,50316.0,POINT(-93.60758 41.62773),,POLK,1081300,AMERICAN CORDIALS & LIQUEURS,421,SAZERAC COMPANY  INC,100861,99 PARTY BUCKET MINIS,1,50,54.0,81.0,1,78.6,0.05,0.01
INV-89646400001,2025-12-15,4025,KARAM KAUR KHASRIYA LLC,702 13TH ST,BELLE PLAINE,52208.0,POINT(-92.27776 41.89706),,BENTON,1081300,AMERICAN CORDIALS & LIQUEURS,421,SAZERAC COMPANY  INC,100861,99 PARTY BUCKET MINIS,1,50,54.0,81.0,1,81.0,0.05,0.01
INV-77132200002,2024-12-03,5303,CASEY'S GENERAL STORE # 3508/ MARSHA,108 IOWA AVE W,MARSHALLTOWN,50158.0,POINT(-92.91687 42.00652),,MARSHALL,1081300,AMERICAN CORDIALS & LIQUEURS,421,SAZERAC COMPANY  INC,100861,99 PARTY BUCKET MINIS,1,50,52.4,78.6,1,78.6,0.05,0.01
INV-82076100002,2025-04-29,5999,CASEY'S GENERAL STORE #2771 / CEDAR RAPIDS,501 6TH STREET SW,CEDAR RAPIDS,52404.0,POINT(-91.6771 41.97055),,LINN,1081300,AMERICAN CORDIALS & LIQUEURS,421,SAZERAC COMPANY  INC,100861,99 PARTY BUCKET MINIS,1,50,52.4,78.6,1,78.6,0.05,0.01
INV-79155600001,2025-01-29,4312,I-80 LIQUOR / COUNCIL BLUFFS,2411 S 24TH ST #1 PO STN RR,COUNCIL BLUFFS,51501.0,POINT(-95.87857 41.23811),,POTTAWATTAMIE,1081300,AMERICAN CORDIALS & LIQUEURS,421,SAZERAC COMPANY  INC,100861,99 PARTY BUCKET MINIS,1,50,52.4,78.6,1,78.6,0.05,0.01
INV-78148400001,2024-12-30,10038,KUM & GO #1074 / WDM,330 JORDAN CREEK PARKWAY,WEST DES MOINES,50266.0,POINT(-93.80923 41.56413),,DALLAS,1081300,AMERICAN CORDIALS & LIQUEURS,421,SAZERAC COMPANY  INC,100861,99 PARTY BUCKET MINIS,1,50,52.4,78.6,1,78.6,0.05,0.01
INV-76126800003,2024-11-06,3443,SUPER SAVER IV,1141 N BROADWAY,COUNCIL BLUFFS,51503.0,POINT(-95.83549 41.27072),,POTTAWATTAMIE,1081300,AMERICAN CORDIALS & LIQUEURS,421,SAZERAC COMPANY  INC,100861,99 PARTY BUCKET MINIS,1,50,52.4,78.6,1,78.6,0.05,0.01
INV-62621900004,2023-09-25,6287,RIVERSIDE #4 / BETTENDORF,2320 SPRUCE HILLS DRIVE,BETTENDORF,52722,POINT(-90.500173015 41.549773981),,SCOTT,1081300.0,AMERICAN CORDIALS & LIQUEURS,421,SAZERAC COMPANY  INC,100861,99 PARTY BUCKET MINIS,1,50,51.6,77.4,1,77.4,0.05,0.01
INV-52774100011,2022-11-04,6163,CASEY'S GENERAL STORE #6116 / COUNCIL BLUFFS,15 N 16TH ST,COUNCIL BLUFFS,51501.0,POINT(-95.86752 41.26256),,POTTAWATTAMIE,1081300,AMERICAN CORDIALS & LIQUEURS,421,SAZERAC COMPANY  INC,100861,99 PARTY BUCKET MINIS,1,50,51.6,77.4,1,77.4,0.05,0.01
INV-31064400014,2020-10-15,2536,HY-VEE / PLEASANT HILL,4815 MAPLE DRIVE,PLEASANT HILL,50317.0,POINT(-93.519187 41.598109),77,POLK,1081300.0,AMERICAN CORDIALS & LIQUEURS,55.0,SAZERAC NORTH AMERICA,100862,99 BRAND CANDY CANES,1,50,60.0,90.0,1,90.0,0.05,0.01
INV-76776900002,2024-11-21,2587,HY-VEE FOOD STORE / JOHNSTON,5750 MERLE HAY ROAD,JOHNSTON,50131.0,POINT(-93.69898 41.66502),,POLK,1701100,TEMPORARY & SPECIALTY PACKAGES,421,SAZERAC COMPANY  INC,100862,99 BRAND CANDY CANES MINI,1,50,51.6,77.4,1,77.4,0.05,0.01
INV-31419800017,2020-10-27,4631,THUNDER RIDGE AMPRIDE,"2425, WHITETAIL DR",CEDAR FALLS,50613.0,POINT(-92.475132 42.539967),7,BLACK HAWK,1081300.0,AMERICAN CORDIALS & LIQUEURS,55.0,SAZERAC NORTH AMERICA,100862,99 BRAND CANDY CANES,1,50,60.0,90.0,1,90.0,0.05,0.01
INV-52217900006,2022-10-18,5516,QUIK N HANDI III,710 WASHBURN AVE,LAMONT,50650.0,POINT(-91.64762 42.60044),,BUCHANAN,1701100,TEMPORARY & SPECIALTY PACKAGES,421,SAZERAC COMPANY  INC,100862,99 BRAND CANDY CANES,1,50,51.6,77.4,1,77.4,0.05,0.01
INV-52663800005,2022-11-01,5511,THE DEPOT NORTH LIBERTY,1290 S DUBUQUE ST,NORTH LIBERTY,52317.0,POINT(-91.58839 41.74116),,JOHNSON,1701100,TEMPORARY & SPECIALTY PACKAGES,421,SAZERAC COMPANY  INC,100862,99 BRAND CANDY CANES,1,50,51.6,77.4,1,77.4,0.05,0.01
INV-52669200023,2022-11-02,2521,HY-VEE FOOD AND DRUG / GRAND / WDM,1990 GRAND AVENUE,WEST DES MOINES,50265.0,POINT(-93.7314 41.57151),,POLK,1701100,TEMPORARY & SPECIALTY PACKAGES,421,SAZERAC COMPANY  INC,100862,99 BRAND CANDY CANES,1,50,51.6,77.4,1,77.4,0.05,0.01
INV-55045800070,2023-01-18,2500,HY-VEE FOOD STORE #1 (1013) / AMES,3800 W LINCOLN WAY,AMES,50010,POINT(-93.56332 42.02297),,STORY,1701100.0,TEMPORARY & SPECIALTY PACKAGES,421,SAZERAC COMPANY  INC,100938,FIREBALL VALENTINE PACK,1,50,51.6,77.4,1,77.4,0.05,0.01
INV-55076600010,2023-01-18,4556,CASEY'S GENERAL STORE #2552 / GOLDFIELD,319 E HWY 3,GOLDFIELD,50542,POINT(-93.91698 42.73159),,WRIGHT,1701100.0,TEMPORARY & SPECIALTY PACKAGES,421,SAZERAC COMPANY  INC,100938,FIREBALL VALENTINE PACK,1,50,51.6,77.4,1,77.4,0.05,0.01
INV-65648400001,2023-12-26,10180,SWEETIES LIQUOR STORE AND COFFEE SHOP LLC / ODEBOLT,3274 FOX AVE,ODEBOLT,51458,POINT(-95.244925998 42.315835004),,SAC,1701100.0,TEMPORARY & SPECIALTY PACKAGES,421,SAZERAC COMPANY  INC,100938,FIREBALL VALENTINE PACK,1,50,51.6,77.4,1,77.4,0.05,0.01
INV-67000300002,2024-02-07,5378,CASEY'S GENERAL STORE # 2543/ ALBION,201 S MAIN ST.,ALBION,50005,POINT(-92.99012719 42.109839989),,MARSHALL,1701100.0,TEMPORARY & SPECIALTY PACKAGES,421,SAZERAC COMPANY  INC,100938,FIREBALL VALENTINE PACK,1,50,51.6,77.4,1,77.4,0.05,0.01
INV-54417200031,2022-12-28,6268,SUPER MART / OELWEIN,701 SOUTH FREDERICK AVENUE,OELWEIN,50662.0,POINT(-91.91348 42.66912),,FAYETTE,1701100,TEMPORARY & SPECIALTY PACKAGES,421,SAZERAC COMPANY  INC,100938,FIREBALL VALENTINE PACK,1,50,51.6,77.4,1,77.4,0.05,0.01
INV-32211500031,2020-11-24,5863,K-ZAR INC - WATERLOO,1761 INDEPENDENCE AVENUE,WATERLOO,50707,POINT(-92.302514 42.498404),7,BLACK HAWK,1700000.0,TEMPORARY & SPECIALTY PACKAGES,421,SAZERAC COMPANY  INC,101037,ROMANA SAMBUCA HOLIDAY,30,50,2.0,3.0,1,3.0,0.05,0.01
INV-35159100015,2021-03-19,4299,HOMETOWN MARKET / CENTRAL CITY,9 WATERHOUSE AVE,CENTRAL CITY,52214.0,POINT(-91.530478 42.199296),57,LINN,1081600.0,WHISKEY LIQUEUR,421.0,SAZERAC COMPANY  INC,101046,FIREBALL PARTY COOLER,6,50,8.6,12.9,1,12.9,0.05,0.01
INV-40848900001,2021-10-11,5716,BIG 10 MART #69,2480 EAST 53RD,BETTENDORF,52722.0,POINT(-90.498167 41.575178),82,SCOTT,1701100.0,TEMPORARY & SPECIALTY PACKAGES,421,SAZERAC COMPANY  INC,101151,FIREBALL CINNAMON WHISKEY ADULT TRICK OR TREAT BAG MINI,1,50,51.6,77.4,1,77.4,0.05,0.01
INV-40487800004,2021-09-28,2661,HY-VEE FOOD STORE / SHELDON,1989 PARK ST,SHELDON,51201,POINT(-95.831721 43.186038),71,O'BRIEN,1701100.0,TEMPORARY & SPECIALTY PACKAGES,421,SAZERAC COMPANY  INC,101151,FIREBALL HALLOWEEN ADULT TRICK-OR-TREAT BAG MINI,1,50,51.6,77.4,1,77.4,0.05,0.01
INV-40641800009,2021-10-04,5481,TOBACCO OUTLET & LIQUOR,1545 1ST AVE SE,CEDAR RAPIDS,52402.0,POINT(-91.650633 41.989033),57,LINN,1701100.0,TEMPORARY & SPECIALTY PACKAGES,421.0,SAZERAC COMPANY  INC,101151,FIREBALL CINNAMON WHISKEY ADULT TRICK OR TREAT BAG MINI,1,50,51.6,77.4,1,77.4,0.05,0.01
INV-63658200001,2023-10-26,6292,JET STOP DENMARK / DENMARK,603 ACADEMY AVE.,DENMARK,52624,POINT(-91.336420994 40.742040021),,LEE,1701100.0,TEMPORARY & SPECIALTY PACKAGES,421,SAZERAC COMPANY  INC,101151,FIREBALL CINNAMON WHISKEY ADULT TRICK OR TREAT BAG MINI,1,50,51.6,77.4,1,77.4,0.05,0.01
INV-74898800002,2024-10-03,10060,SUPER STOP / ALTOONA,2635 ADVENTURELAND DRIVE,ALTOONA,50009.0,POINT(-93.4947 41.6588),,POLK,1701100,TEMPORARY & SPECIALTY PACKAGES,421,SAZERAC COMPANY  INC,101151,FIREBALL CINNAMON WHISKEY ADULT TRICK OR TREAT BAG MINI,1,50,52.4,78.6,1,78.6,0.05,0.01
INV-51112100023,2022-09-10,4901,FAREWAY STORES #137 / POLK CITY,1101 SOUTH 5TH STREET,POLK CITY,50226,POINT(-93.719324 41.763823),,POLK,1701100.0,TEMPORARY & SPECIALTY PACKAGES,421,SAZERAC COMPANY  INC,101151,FIREBALL CINNAMON WHISKEY ADULT TRICK OR TREAT BAG MINI,1,50,51.6,77.4,1,77.4,0.05,0.01
INV-51696100014,2022-09-30,4859,CIRCLE K #4706604 / BURLINGTON,421 N MAIN ST,BURLINGTON,52601,POINT(-91.101093 40.811112),,DES MOINES,1701100.0,TEMPORARY & SPECIALTY PACKAGES,421,SAZERAC COMPANY  INC,101151,FIREBALL CINNAMON WHISKEY ADULT TRICK OR TREAT BAG MINI,1,50,51.6,77.4,1,77.4,0.05,0.01
INV-86863300002,2025-09-22,5813,CASEY'S GENERAL STORE #2791 / CEDAR RAPIDS,9125 ATLANTIC DR SW,CEDAR RAPIDS,52404.0,POINT(-91.6793 41.89116),,LINN,1701100,TEMPORARY & SPECIALTY PACKAGES,421,SAZERAC COMPANY  INC,101151,FIREBALL CINNAMON WHISKEY ADULT TRICK OR TREAT BAG MINI,1,50,52.4,78.6,1,78.6,0.05,0.01
INV-51650200010,2022-09-28,5316,BROTHER'S MARKET/ SIGOURNEY,118 SOUTH MAIN STREET,SIGOURNEY,52591,POINT(-92.205098 41.332944),,KEOKUK,1701100.0,TEMPORARY & SPECIALTY PACKAGES,421,SAZERAC COMPANY  INC,101151,FIREBALL CINNAMON WHISKEY ADULT TRICK OR TREAT BAG MINI,1,50,51.6,77.4,1,77.4,0.05,0.01
INV-62062600001,2023-09-09,2518,HY-VEE WINE AND SPIRITS (1544) / RED OAK,1607 NORTH BROADWAY,RED OAK,51566,POINT(-95.232857114 41.018577361),,MONTGOMERY,1701100.0,TEMPORARY & SPECIALTY PACKAGES,421,SAZERAC COMPANY  INC,101151,FIREBALL CINNAMON WHISKEY ADULT TRICK OR TREAT BAG MINI,1,50,51.6,77.4,1,77.4,0.05,0.01
INV-62148200002,2023-09-12,2535,HY-VEE FOOD STORE #1 (1887) / WDM,1700 VALLEY WEST DR.,WEST DES MOINES,50266,POINT(-93.753814005 41.597713019),,POLK,1701100.0,TEMPORARY & SPECIALTY PACKAGES,421,SAZERAC COMPANY  INC,101151,FIREBALL CINNAMON WHISKEY ADULT TRICK OR TREAT BAG MINI,1,50,51.6,77.4,1,77.4,0.05,0.01
INV-62969200001,2023-10-05,6078,KUM & GO #0185 / BONDURANT,3015 OXBOW COURT SW,BONDURANT,50035,POINT(-93.480610984 41.674019979),,POLK,1701100.0,TEMPORARY & SPECIALTY PACKAGES,421,SAZERAC COMPANY  INC,101151,FIREBALL CINNAMON WHISKEY ADULT TRICK OR TREAT BAG MINI,1,50,51.6,77.4,1,77.4,0.05,0.01
INV-83706200001,2025-06-19,6323,"FAREWAY STORES, INC. #225 / DES MOINES",2716 BEAVER AVENUE,DES MOINES,50310.0,POINT(-93.67335 41.61982),,POLK,1081400,AMERICAN SCHNAPPS,421,SAZERAC COMPANY  INC,101180,99 FRUITS MINI,1,50,52.4,78.6,1,78.6,0.05,0.01
INV-85482500002,2025-08-14,6012,CASEY'S GENERAL STORE #1893 / MASON CITY,1607 S FEDERAL AVE,MASON CITY,50401.0,POINT(-93.2011 43.13592),,CERRO GORDO,1081400,AMERICAN SCHNAPPS,421,SAZERAC COMPANY  INC,101180,99 FRUITS MINI,1,50,54.0,81.0,1,81.0,0.05,0.01
INV-76358300001,2024-11-12,5987,CASEY'S GENERAL STORE #3955 / NORTH LIBERTY,245 S HWY 965,NORTH LIBERTY,52317.0,POINT(-91.6076 41.74308),,JOHNSON,1081400,AMERICAN SCHNAPPS,421,SAZERAC COMPANY  INC,101180,99 FRUITS MINI,1,50,52.4,78.6,1,78.6,0.05,0.01
INV-76697900001,2024-11-20,4554,KUM & GO #229 / SIOUX CITY,1821 HAMILTON BLVD,SIOUX CITY,51103.0,POINT(-96.41682 42.51026),,WOODBURY,1081400,AMERICAN SCHNAPPS,421,SAZERAC COMPANY  INC,101180,99 FRUITS MINI,1,50,52.4,78.6,1,78.6,0.05,0.01
INV-83945300001,2025-06-26,4353,KUM & GO #302 / CLEAR LAKE,2905 FOURTH AVENUE,CLEAR LAKE,50428.0,POINT(-93.3531 43.13371),,CERRO GORDO,1081400,AMERICAN SCHNAPPS,421,SAZERAC COMPANY  INC,101180,99 FRUITS MINI,1,50,52.4,78.6,1,78.6,0.05,0.01
INV-90917700002,2026-01-20,5720,CASEY'S GENERAL STORE #1921- ACKLEY,512 SHERMAN AVENUE,ACKLEY,50601.0,POINT(-93.05542 42.55673),,HARDIN,1081400,AMERICAN SCHNAPPS,421,SAZERAC COMPANY  INC,101180,99 FRUITS MINI,1,50,54.0,81.0,1,81.0,0.05,0.01
INV-90915800001,2026-01-20,6120,CRESCO MART,202 2ND AVE SW,CRESCO,52136.0,POINT(-92.11878 43.3711),,HOWARD,1081400,AMERICAN SCHNAPPS,421,SAZERAC COMPANY  INC,101180,99 FRUITS MINI,1,50,54.0,81.0,1,81.0,0.05,0.01
INV-82249200001,2025-05-05,5563,CASEY'S GENERAL STORE #3082 / CARROLL,510 E HWY 30,CARROLL,51401.0,POINT(-94.86055 42.06404),,CARROLL,1081400,AMERICAN SCHNAPPS,421,SAZERAC COMPANY  INC,101180,99 FRUITS MINI,1,50,52.4,78.6,1,78.6,0.05,0.01
INV-67880200001,2024-03-04,4553,CASEY'S GENERAL STORE #1892 / SHEFFIELD,702 E GILMAN ST,SHEFFIELD,50475,POINT(-93.202920376 42.892751048),,FRANKLIN,1081400.0,AMERICAN SCHNAPPS,421,SAZERAC COMPANY  INC,101180,99 FRUITS MINI,1,50,51.6,77.4,1,77.4,0.05,0.01
INV-82354700002,2025-05-07,4433,KUM & GO #1024  PLEASANT HILL,5970 MORNING STAR CT,PLEASANT HILL,50317.0,POINT(-93.4923 41.59779),,POLK,1081400,AMERICAN SCHNAPPS,421,SAZERAC COMPANY  INC,101180,99 FRUITS MINI,1,50,52.4,78.6,1,78.6,0.05,0.01
INV-74616500001,2024-09-24,10283,CASEY'S GENERAL STORE # 2889 / SIOUX CITY,3051 FLOYD BOULEVARD,SIOUX CITY,51108.0,POINT(-96.375720006 42.526948993),,WOODBURY,1081400,AMERICAN SCHNAPPS,421,SAZERAC COMPANY  INC,101180,99 FRUITS MINI,1,50,52.4,78.6,1,77.4,0.05,0.01
INV-88076300001,2025-10-29,4872,CASEY'S GENERAL STORE #2644 / EARLHAM,975 N CHESTNUT AVE,EARLHAM,50072.0,POINT(-94.12316 41.50031),,MADISON,1081400,AMERICAN SCHNAPPS,421,SAZERAC COMPANY  INC,101180,99 FRUITS MINI,1,50,54.0,81.0,1,81.0,0.05,0.01
INV-89139100002,2025-11-28,6082,CASEY'S #2654 / STUART,708 S DIVISION ST,STUART,50250.0,POINT(-94.31886 41.49595),,ADAIR,1081400,AMERICAN SCHNAPPS,421,SAZERAC COMPANY  INC,101180,99 FRUITS MINI,1,50,54.0,81.0,1,81.0,0.05,0.01
INV-93365900002,2026-04-06,2561,HY-VEE FOOD STORE (1148) / FLEUR / DSM,4605 FLEUR DRIVE,DES MOINES,50321.0,POINT(-93.64348 41.5422),,POLK,1081400,AMERICAN SCHNAPPS,421,SAZERAC COMPANY  INC,101180,99 FRUITS MINI,1,50,54.0,81.0,1,81.0,0.05,0.01
INV-64830500003,2023-12-01,5758,CASEY'S GENERAL STORE #51 / HUMBOLDT,907 13TH ST N,HUMBOLDT,50548,POINT(-94.22643298 42.731316012),,HUMBOLDT,1081400.0,AMERICAN SCHNAPPS,421,SAZERAC COMPANY  INC,101180,99 FRUITS MINI,1,50,51.6,77.4,1,77.4,0.05,0.01
INV-89067400001,2025-11-25,5829,CASEY'S GENERAL STORE #3858 - IOWA CITY,370 SCOTT CT,IOWA CITY,52245.0,POINT(-91.48214 41.65741),,JOHNSON,1081400,AMERICAN SCHNAPPS,421,SAZERAC COMPANY  INC,101180,99 FRUITS MINI,1,50,54.0,81.0,1,81.0,0.05,0.01
INV-85809700003,2025-08-22,4573,CASEY'S GENERAL STORE #1330 / HAMBURG,1211 WASHINGTON ST,HAMBURG,51640.0,POINT(-95.65455 40.60524),,FREMONT,1081400,AMERICAN SCHNAPPS,421,SAZERAC COMPANY  INC,101180,99 FRUITS MINI,1,50,54.0,81.0,1,81.0,0.05,0.01
INV-78417000002,2025-01-08,5386,CASEY'S GENERAL STORE # 2494/ EAGLE GROVE,200 S COMMERCIAL AVE,EAGLE GROVE,50533.0,POINT(-93.90448 42.66266),,WRIGHT,1081400,AMERICAN SCHNAPPS,421,SAZERAC COMPANY  INC,101180,99 FRUITS MINI,1,50,52.4,78.6,1,78.6,0.05,0.01
INV-54855700094,2023-01-11,5068,TOBACCO SHOP / ARNOLDS PARK,612 S HIGHWAY 71,ARNOLDS PARK,51331,POINT(-95.14021 43.36166),,DICKINSON,1081400.0,AMERICAN SCHNAPPS,421,SAZERAC COMPANY  INC,101180,99 FRUITS MINI,12,50,4.3,6.45,1,6.45,0.05,0.01
INV-80042800001,2025-02-27,4853,KUM & GO #62 / JOHNSTON,6130 NW 86TH ST,JOHNSTON,50131,POINT(-93.73698 41.67204),,POLK,1081400.0,AMERICAN SCHNAPPS,421,SAZERAC COMPANY  INC,101180,99 FRUITS MINI,1,50,52.4,78.6,1,78.6,0.05,0.01
INV-73036900001,2024-08-08,5499,KUM & GO #184 / ALTOONA,1430 1ST AVE NORTH,ALTOONA,50009,POINT(-93.465138997 41.663673987),,POLK,1081400.0,AMERICAN SCHNAPPS,421,SAZERAC COMPANY  INC,101180,99 FRUITS MINI,1,50,51.6,77.4,1,77.4,0.05,0.01
INV-85808000002,2025-08-22,5543,CASEY'S GENERAL STORE #2541 / BEDFORD,608 MADISON,BEDFORD,50833.0,POINT(-94.72138 40.66768),,TAYLOR,1081400,AMERICAN SCHNAPPS,421,SAZERAC COMPANY  INC,101180,99 FRUITS MINI,1,50,54.0,81.0,1,81.0,0.05,0.01
INV-64968400004,2023-12-06,4665,CASEY'S GENERAL STORE #2896 / ANKENY,2601 SE CREEKVIEW DR,ANKENY,50021,POINT(-93.571112991 41.703609983),,POLK,1081400.0,AMERICAN SCHNAPPS,421,SAZERAC COMPANY  INC,101180,99 FRUITS MINI,1,50,51.6,77.4,1,77.4,0.05,0.01
INV-80116700002,2025-03-03,5698,CASEY'S #3746 / GRIMES,1650 NE BEAVER BROOKE BLVD,GRIMES,50111.0,POINT(-93.77709 41.6988),,POLK,1081400,AMERICAN SCHNAPPS,421,SAZERAC COMPANY  INC,101180,99 FRUITS MINI,1,50,52.4,78.6,1,78.6,0.05,0.01
INV-80278900002,2025-03-06,5664,CASEY'S GENERAL STORE #45 / DES MOINES,2890 E BROADWAY AVE,DES MOINES,50317.0,POINT(-93.5616 41.64417),,POLK,1081400,AMERICAN SCHNAPPS,421,SAZERAC COMPANY  INC,101180,99 FRUITS MINI,1,50,52.4,78.6,1,78.6,0.05,0.01
INV-81864500002,2025-04-23,5590,CASEY'S GENERAL STORE #1941 / ANKENY,1010 SE ORALABOR RD,ANKENY,50021.0,POINT(-93.58189 41.70346),,POLK,1081400,AMERICAN SCHNAPPS,421,SAZERAC COMPANY  INC,101180,99 FRUITS MINI,1,50,52.4,78.6,1,78.6,0.05,0.01
INV-81841900001,2025-04-22,4365,KUM & GO #222 / WEST ST GRINNELL,1002 WEST ST,GRINNELL,50112.0,POINT(-92.72737 41.74512),,POWESHIEK,1081400,AMERICAN SCHNAPPS,421,SAZERAC COMPANY  INC,101180,99 FRUITS MINI,1,50,52.4,78.6,1,78.6,0.05,0.01
INV-78451800001,2025-01-09,5664,CASEY'S GENERAL STORE #45 / DES MOINES,2890 E BROADWAY AVE,DES MOINES,50317.0,POINT(-93.5616 41.64417),,POLK,1081400,AMERICAN SCHNAPPS,421,SAZERAC COMPANY  INC,101180,99 FRUITS MINI,1,50,52.4,78.6,1,78.6,0.05,0.01
INV-74963700001,2024-10-04,4401,KUM & GO #503 / MARION,3215 7TH AVE,MARION,52302.0,POINT(-91.57717 42.03488),,LINN,1081400,AMERICAN SCHNAPPS,421,SAZERAC COMPANY  INC,101180,99 FRUITS MINI,1,50,52.4,78.6,1,78.6,0.05,0.01
INV-86096900001,2025-09-02,6285,CASEY'S #3954 / NEWTON,4343 SOUTH 15TH AVE EAST,NEWTON,50208.0,,,JASPER,1081400,AMERICAN SCHNAPPS,421,SAZERAC COMPANY  INC,101180,99 FRUITS MINI,1,50,54.0,81.0,1,81.0,0.05,0.01
INV-77013900001,2024-11-27,4129,CYCLONE LIQUORS,626 LINCOLN WAY,AMES,50010.0,POINT(-93.61907 42.0229),,STORY,1081400,AMERICAN SCHNAPPS,421,SAZERAC COMPANY  INC,101180,99 FRUITS MINI,1,50,52.4,78.6,1,78.6,0.05,0.01
INV-86375600001,2025-09-09,5358,KUM & GO #1056/ BEVINGTON,101 E IA HWY 92,BEVINGTON,50033.0,POINT(-93.79263 41.35979),,WARREN,1081400,AMERICAN SCHNAPPS,421,SAZERAC COMPANY  INC,101180,99 FRUITS MINI,1,50,54.0,81.0,1,81.0,0.05,0.01
INV-59362900002,2023-06-13,5445,CASEY'S GENERAL STORE # 2781/ IOWA CITY,1410 WILLOW CREEK DR.,IOWA CITY,52246,POINT(-91.560034161 41.6419613370001),,JOHNSON,1081400.0,AMERICAN SCHNAPPS,421,SAZERAC COMPANY  INC,101180,99 FRUITS MINI,1,50,51.6,77.4,1,77.4,0.05,0.01
INV-86168900001,2025-09-03,4457,KUM & GO #422 / IOWA CITY,731 S RIVERSIDE DR,IOWA CITY,52246.0,POINT(-91.54071 41.65083),,JOHNSON,1081400,AMERICAN SCHNAPPS,421,SAZERAC COMPANY  INC,101180,99 FRUITS MINI,1,50,54.0,81.0,1,81.0,0.05,0.01
INV-86693800004,2025-09-17,6019,CASEY'S GENERAL STORE #3888 / ANKENY,1024 E 1ST ST,ANKENY,50021.0,POINT(-93.58161 41.73239),,POLK,1081400,AMERICAN SCHNAPPS,421,SAZERAC COMPANY  INC,101180,99 FRUITS MINI,1,50,54.0,81.0,1,81.0,0.05,0.01
INV-65531200001,2023-12-21,4503,CASEY'S GENERAL STORE #38 / TREYNOR,102 W MAIN ST,TREYNOR,51575,POINT(-95.618028983 41.233063015),,POTTAWATTAMIE,1081400.0,AMERICAN SCHNAPPS,421,SAZERAC COMPANY  INC,101180,99 FRUITS MINI,1,50,51.6,77.4,1,77.4,0.05,0.01
INV-66628600001,2024-01-26,5723,CASEY'S GENERAL STORE #2538-WAUKEE,20 W. HICKMAN RD,WAUKEE,50263,POINT(-93.872945995 41.614265014),,DALLAS,1081400.0,AMERICAN SCHNAPPS,421,SAZERAC COMPANY  INC,101180,99 FRUITS MINI,1,50,51.6,77.4,1,77.4,0.05,0.01
INV-81565400001,2025-04-14,5356,CASEY'S GENERAL STORE # 3561/ CEDAR RAPIDS,1532 ELLIS BLVD NW,CEDAR RAPIDS,52405.0,POINT(-91.68215 41.98878),,LINN,1081400,AMERICAN SCHNAPPS,421,SAZERAC COMPANY  INC,101180,99 FRUITS MINI,1,50,52.4,78.6,1,78.6,0.05,0.01
INV-66355100001,2024-01-17,6214,CASEY'S #3934 / ANKENY,1515 SE CORPORATE WOODS DR,ANKENY,50021,POINT(-93.572531595 41.679697487),,POLK,1081400.0,AMERICAN SCHNAPPS,421,SAZERAC COMPANY  INC,101180,99 FRUITS MINI,1,50,51.6,77.4,1,77.4,0.05,0.01
INV-78770700001,2025-01-20,4448,KUM & GO #572 / URBANDALE,4860 NW URBANDALE DR,URBANDALE,50322.0,POINT(-93.76938 41.64588),,POLK,1081400,AMERICAN SCHNAPPS,421,SAZERAC COMPANY  INC,101180,99 FRUITS MINI,1,50,52.4,78.6,1,78.6,0.05,0.01
INV-86807200001,2025-09-19,5821,CASEY'S GENERAL STORE #3645 / LONE TREE,302 N DEVOE ST,LONE TREE,52755.0,POINT(-91.42569 41.49013),,JOHNSON,1081400,AMERICAN SCHNAPPS,421,SAZERAC COMPANY  INC,101180,99 FRUITS MINI,1,50,54.0,81.0,1,81.0,0.05,0.01
INV-71059300002,2024-06-10,4658,CASEY'S GENERAL STORE #3027 / IOWA FALLS,904 WASHINGTON AVE,IOWA FALLS,50126,POINT(-93.26836703 42.519919007),,HARDIN,1081400.0,AMERICAN SCHNAPPS,421,SAZERAC COMPANY  INC,101180,99 FRUITS MINI,1,50,51.6,77.4,1,77.4,0.05,0.01
INV-66505100001,2024-01-22,5407,CASEY'S GENERAL STORE # 2528/ WILLIAMSBURG,602 S HIGHLAND,WILLIAMSBURG,52361,POINT(-92.007697025 41.660401985),,IOWA,1081400.0,AMERICAN SCHNAPPS,421,SAZERAC COMPANY  INC,101180,99 FRUITS MINI,1,50,51.6,77.4,1,77.4,0.05,0.01
INV-89304200002,2025-12-04,5382,CASEY'S GENERAL STORE # 2870/ ALTOONA,1419 1ST AVE N,ALTOONA,50009.0,POINT(-93.46387 41.66385),,POLK,1081400,AMERICAN SCHNAPPS,421,SAZERAC COMPANY  INC,101180,99 FRUITS MINI,1,50,54.0,81.0,1,81.0,0.05,0.01
INV-86834000002,2025-09-22,6287,RIVERSIDE #4 / BETTENDORF,2320 SPRUCE HILLS DRIVE,BETTENDORF,52722.0,POINT(-90.50031 41.54952),,SCOTT,1081400,AMERICAN SCHNAPPS,421,SAZERAC COMPANY  INC,101180,99 FRUITS MINI,1,50,54.0,81.0,1,81.0,0.05,0.01
INV-67087200001,2024-02-09,4353,KUM & GO #302 / CLEAR LAKE,2905 FOURTH AVENUE,CLEAR LAKE,50428,POINT(-93.353164985 43.13297698),,CERRO GORDO,1081400.0,AMERICAN SCHNAPPS,421,SAZERAC COMPANY  INC,101180,99 FRUITS MINI,1,50,51.6,77.4,1,77.4,0.05,0.01
INV-81895600001,2025-04-23,2522,HY-VEE WINE AND SPIRITS (1628) / SPIRIT LAKE,1902 PEORIA AVENUE,SPIRIT LAKE,51360.0,POINT(-95.11185 43.42171),,DICKINSON,1081400,AMERICAN SCHNAPPS,421,SAZERAC COMPANY  INC,101180,99 FRUITS MINI,1,50,52.4,78.6,1,78.6,0.05,0.01
INV-58899200001,2023-05-30,10072,EXPRESS MART / MUSCATINE,4804 US 61,MUSCATINE,52761,POINT(-91.129610118 41.3709036450001),,MUSCATINE,1081400.0,AMERICAN SCHNAPPS,421,SAZERAC COMPANY  INC,101180,99 FRUITS MINI,1,50,51.6,77.4,1,77.4,0.05,0.01
INV-86801800001,2025-09-19,4414,MAVERIK #5065 / NEOLA,29356 298TH ST,NEOLA,51559.0,POINT(-95.6124 41.43874),,POTTAWATTAMIE,1081400,AMERICAN SCHNAPPS,421,SAZERAC COMPANY  INC,101180,99 FRUITS MINI,1,50,54.0,81.0,1,81.0,0.05,0.01
INV-68167500001,2024-03-12,10158,BP EXPRESS / WEST UNION,300 IOWA 150,WEST UNION,52175,POINT(-91.813808015 42.96479799),,FAYETTE,1081400.0,AMERICAN SCHNAPPS,421,SAZERAC COMPANY  INC,101180,99 FRUITS MINI,1,50,51.6,77.4,1,77.4,0.05,0.01
INV-87338200002,2025-10-07,5358,KUM & GO #1056/ BEVINGTON,101 E IA HWY 92,BEVINGTON,50033.0,POINT(-93.79263 41.35979),,WARREN,1081400,AMERICAN SCHNAPPS,421,SAZERAC COMPANY  INC,101180,99 FRUITS MINI,1,50,54.0,81.0,1,81.0,0.05,0.01
INV-82094200001,2025-04-29,4989,CASEY'S GENERAL STORE #3322 / IOWA CITY,1904 BROADWAY ST,IOWA CITY,52240.0,POINT(-91.51979 41.64107),,JOHNSON,1081400,AMERICAN SCHNAPPS,421,SAZERAC COMPANY  INC,101180,99 FRUITS MINI,1,50,52.4,78.6,1,78.6,0.05,0.01
INV-63952900001,2023-11-05,6137,STAR CONVENIENCE / FORT DODGE,1601 5TH AVENUE,FORT DODGE,50501,POINT(-94.175776026 42.500800012),,WEBSTER,1081400.0,AMERICAN SCHNAPPS,421,SAZERAC COMPANY  INC,101180,99 FRUITS MINI,1,50,51.6,77.4,1,77.4,0.05,0.01
INV-59499700003,2023-06-16,4510,CASEY'S GENERAL STORE #1007 / MALVERN,701 MAIN ST,MALVERN,51551,POINT(-95.585511977 41.005568984),,MILLS,1081400.0,AMERICAN SCHNAPPS,421,SAZERAC COMPANY  INC,101180,99 FRUITS MINI,1,50,51.6,77.4,1,77.4,0.05,0.01
INV-82937400001,2025-05-27,4467,KUM & GO #438 / MUSCATINE,1429 PARK AVE,MUSCATINE,52761.0,POINT(-91.03062 41.44165),,MUSCATINE,1081400,AMERICAN SCHNAPPS,421,SAZERAC COMPANY  INC,101180,99 FRUITS MINI,1,50,52.4,78.6,1,78.6,0.05,0.01
INV-84637000001,2025-07-18,6028,CASEY'S GENERAL STORE #2686 / FORT DODGE,3327 5TH AVE S.,FORT DODGE,50501.0,POINT(-94.1442 42.50126),,WEBSTER,1081400,AMERICAN SCHNAPPS,421,SAZERAC COMPANY  INC,101180,99 FRUITS MINI,1,50,54.0,81.0,1,78.6,0.05,0.01
INV-78072100002,2024-12-27,10428,SHORT STOP / BOONE,1735 MAMIE EISENHOWER AVE.,BOONE,50036.0,POINT(-93.86417 42.05969),,BOONE,1081400,AMERICAN SCHNAPPS,421,SAZERAC COMPANY  INC,101180,99 FRUITS MINI,1,50,52.4,78.6,1,78.6,0.05,0.01
INV-79446100001,2025-02-07,5610,CASEY'S GENERAL STORE #2690 / ANAMOSA,500 E MAIN ST,ANAMOSA,52205,POINT(-91.28021 42.10827),,JONES,1081400.0,AMERICAN SCHNAPPS,421,SAZERAC COMPANY  INC,101180,99 FRUITS MINI,1,50,52.4,78.6,1,78.6,0.05,0.01
INV-85126100002,2025-08-04,10198,WORLD LIQUOR & TOBACCO PLUS VAPORS,702 1ST AVENUE EAST,NEWTON,50208.0,POINT(-93.04541 41.69962),,JASPER,1081400,AMERICAN SCHNAPPS,421,SAZERAC COMPANY  INC,101180,99 FRUITS MINI,1,50,54.0,81.0,1,81.0,0.05,0.01
INV-68154000001,2024-03-12,5240,CASEY'S GENERAL STORE #3463 / WEST B,"615, S  DOWNEY ST",WEST BRANCH,52358,POINT(-91.346044006 41.662039012),,CEDAR,1081400.0,AMERICAN SCHNAPPS,421,SAZERAC COMPANY  INC,101180,99 FRUITS MINI,1,50,51.6,77.4,1,77.4,0.05,0.01
INV-74119400003,2024-09-10,4500,CASEY'S GENERAL STORE #2788 / NORTH LIBERTY,595 N KANSAS AVE,NORTH LIBERTY,52317.0,POINT(-91.637613704 41.751903743),,JOHNSON,1081400,AMERICAN SCHNAPPS,421,SAZERAC COMPANY  INC,101180,99 FRUITS MINI,1,50,52.4,78.6,1,77.4,0.05,0.01
INV-94250900001,2026-04-30,6220,PRIME WINE AND SPIRITS / MASON CITY,1104 NORTH FEDERAL AVENUE,MASON CITY,50401.0,POINT(-93.2011 43.16219),,CERRO GORDO,1081400,AMERICAN SCHNAPPS,421,SAZERAC COMPANY  INC,101180,99 FRUITS MINI,1,50,54.0,81.0,1,81.0,0.05,0.01
INV-64290000001,2023-11-14,6223,PRIME MART / WATERLOO,508 BROADWAY STREET,WATERLOO,50703,POINT(-92.344708039 42.510583998),,BLACK HAWK,1081400.0,AMERICAN SCHNAPPS,421,SAZERAC COMPANY  INC,101180,99 FRUITS MINI,1,50,51.6,77.4,1,77.4,0.05,0.01
INV-77328800001,2024-12-09,4552,CASEY'S GENERAL STORE #2493 / BUFFALO,222 W FRONT ST,BUFFALO,52728.0,POINT(-90.71851 41.45595),,SCOTT,1081400,AMERICAN SCHNAPPS,421,SAZERAC COMPANY  INC,101180,99 FRUITS MINI,1,50,52.4,78.6,1,78.6,0.05,0.01
INV-61798000003,2023-08-31,5453,CASEY'S GENERAL STORE # 2817/ GRISWOLD,900 MAIN ST.,GRISWOLD,51535,POINT(-95.136971024 41.234315984),,CASS,1081400.0,AMERICAN SCHNAPPS,421,SAZERAC COMPANY  INC,101180,99 FRUITS MINI,1,50,51.6,77.4,1,77.4,0.05,0.01
INV-70179900001,2024-05-14,4558,KUM & GO #226 / SIOUX CITY,1373 PIERCE ST,SIOUX CITY,51105,POINT(-96.405478025 42.504736992),,WOODBURY,1081400.0,AMERICAN SCHNAPPS,421,SAZERAC COMPANY  INC,101180,99 FRUITS MINI,1,50,51.6,77.4,1,77.4,0.05,0.01
INV-76080200001,2024-11-05,4558,KUM & GO #226 / SIOUX CITY,1373 PIERCE ST,SIOUX CITY,51105.0,POINT(-96.40503 42.50473),,WOODBURY,1081400,AMERICAN SCHNAPPS,421,SAZERAC COMPANY  INC,101180,99 FRUITS MINI,1,50,52.4,78.6,1,78.6,0.05,0.01
INV-67031700002,2024-02-07,10097,CASEY'S #6127 / COUNCIL BLUFFS,2711 SOUTH 24TH STREET,COUNCIL BLUFFS,51501,POINT(-95.878434012 41.234538984),,POTTAWATTAMIE,1081400.0,AMERICAN SCHNAPPS,421,SAZERAC COMPANY  INC,101180,99 FRUITS MINI,1,50,51.6,77.4,1,77.4,0.05,0.01
INV-64081500001,2023-11-08,10219,7 DAYS MART / COUNCIL BLUFFS,501 SOUTH 21ST STREET,COUNCIL BLUFFS,51501,POINT(-95.875058033 41.257011998),,POTTAWATTAMIE,1081400.0,AMERICAN SCHNAPPS,421,SAZERAC COMPANY  INC,101180,99 FRUITS MINI,1,50,51.6,77.4,1,77.4,0.05,0.01
INV-71424800001,2024-06-20,2588,HY-VEE FOOD AND DRUG #6 / CEDAR RAPIDS,4035 MT VERNON RD SE,CEDAR RAPIDS,52403,POINT(-91.60975712 41.975159548),,LINN,1081400.0,AMERICAN SCHNAPPS,421,SAZERAC COMPANY  INC,101180,99 FRUITS MINI,1,50,51.6,77.4,1,77.4,0.05,0.01
INV-64080500002,2023-11-08,4665,CASEY'S GENERAL STORE #2896 / ANKENY,2601 SE CREEKVIEW DR,ANKENY,50021,POINT(-93.571112991 41.703609983),,POLK,1081400.0,AMERICAN SCHNAPPS,421,SAZERAC COMPANY  INC,101180,99 FRUITS MINI,1,50,51.6,77.4,1,77.4,0.05,0.01
INV-83381900002,2025-06-10,10518,PARKSIDE LIQUOR / TIFFIN,1111 PARKSIDE STREET STE 101,TIFFIN,52340.0,POINT(-91.64935 41.71857),,JOHNSON,1081400,AMERICAN SCHNAPPS,421,SAZERAC COMPANY  INC,101180,99 FRUITS MINI,1,50,52.4,78.6,1,78.6,0.05,0.01
INV-61102900002,2023-08-09,5371,STATE FOOD MART,3715 STATE ST.,BETTENDORF,52722,POINT(-90.481897029 41.528569987),,SCOTT,1081400.0,AMERICAN SCHNAPPS,421,SAZERAC COMPANY  INC,101180,99 FRUITS MINI,1,50,51.6,77.4,1,77.4,0.05,0.01
INV-87559400001,2025-10-13,4371,MAVERIK #5080 / WEST DES MOINES,745 S 51ST ST,WEST DES MOINES,50265.0,POINT(-93.77381 41.55828),,POLK,1081400,AMERICAN SCHNAPPS,421,SAZERAC COMPANY  INC,101180,99 FRUITS MINI,1,50,54.0,81.0,1,81.0,0.05,0.01
INV-87686200001,2025-10-16,5097,FAREWAY STORES #151 / CEDAR RAPIDS,3717 1ST AVE SE,CEDAR RAPIDS,52403.0,POINT(-91.63314 42.01682),,LINN,1081400,AMERICAN SCHNAPPS,421,SAZERAC COMPANY  INC,101180,99 FRUITS MINI,1,50,54.0,81.0,1,81.0,0.05,0.01
INV-75976600001,2024-11-01,6265,KC STORE / STRATFORD,810 IA-175,STRATFORD,50249.0,POINT(-93.92732 42.2678),,HAMILTON,1081400,AMERICAN SCHNAPPS,421,SAZERAC COMPANY  INC,101180,99 FRUITS MINI,1,50,52.4,78.6,1,78.6,0.05,0.01
INV-31350800002,2020-10-26,3664,SHADE TREE LIQUORS,90 10TH ST S,NORTHWOOD,50459.0,POINT(-93.218339 43.443739),98,WORTH,1700000.0,TEMPORARY & SPECIALTY PACKAGES,214.0,GOAMERICAGO BEVERAGES LLC / WHISTLEPIG,101239,WHISTLEPIG RYE PIGLETS MINI,12,50,10.0,15.0,1,15.0,0.05,0.01
INV-31278900006,2020-10-22,2536,HY-VEE / PLEASANT HILL,4815 MAPLE DRIVE,PLEASANT HILL,50317.0,POINT(-93.519187 41.598109),77,POLK,1700000.0,TEMPORARY & SPECIALTY PACKAGES,214.0,GOAMERICAGO BEVERAGES LLC / WHISTLEPIG,101239,WHISTLEPIG RYE PIGLETS MINI,12,50,10.0,15.0,1,15.0,0.05,0.01
INV-31857300012,2020-11-11,4268,FAREWAY STORES #531 / ALGONA,1905 HIGHWAY 18 E,ALGONA,50511,POINT(-94.214064 43.082782),55,KOSSUTH,1701100.0,TEMPORARY & SPECIALTY PACKAGES,35,BACARDI USA INC,101248,TEELING TRINITY PACK,6,50,10.5,15.75,1,15.75,0.05,0.01
INV-65602600001,2023-12-22,5434,"MK MINIMART, INC",101 E MT. PLEASANT STREET,WEST BURLINGTON,52655,POINT(-91.156245028 40.825714004),,DES MOINES,1701100.0,TEMPORARY & SPECIALTY PACKAGES,421,SAZERAC COMPANY  INC,101284,GLEN MORAY TASTING COLLECTION MINIS,12,50,9.64,14.46,1,14.46,0.05,0.01
INV-70698000001,2024-05-30,10159,SUNSHINE FOODS / MILFORD,1704 OKOBOJI AVE.,MILFORD,51351,POINT(-95.149188989 43.331967007),,DICKINSON,1011100.0,BLENDED WHISKIES,370,PERNOD RICARD USA,101355,SKREWBALL PEANUT BUTTER WHISKEY MINI KREW PACKAGE,15,50,11.2,16.8,1,16.8,0.05,0.01
INV-35955600042,2021-04-20,2228,RODGERS SPIRITS AND MORE,53 GREEN ST,WINTERSET,50273.0,POINT(-94.013374 41.336405),61,MADISON,1081300.0,AMERICAN CORDIALS & LIQUEURS,421.0,SAZERAC COMPANY  INC,101462,YUKON JACK ASSORTED MINIS,12,50,4.3,6.45,1,6.45,0.05,0.01
INV-40149100003,2021-09-16,5982,CASEY'S GENERAL STORE #6 / ALTOONA,407 8TH ST SW,ALTOONA,50009,POINT(-93.469065 41.644035),77,POLK,1701100.0,TEMPORARY & SPECIALTY PACKAGES,421,SAZERAC COMPANY  INC,101472,99 BRAND ADULT VARIETY TRICK & TREAT BAG,1,50,51.66,77.49,1,77.49,0.05,0.01
INV-52157100011,2022-10-17,2687,HY-VEE FAST & FRESH EXPRESS- BETTENDORF,3470 MIDDLE ROAD,BETTENDORF,57222,POINT(-90.483963 41.551463),,SCOTT,1701100.0,TEMPORARY & SPECIALTY PACKAGES,421,SAZERAC COMPANY  INC,101472,99 BRAND ADULT VARIETY TRICK & TREAT BAG,1,50,51.6,77.4,1,77.4,0.05,0.01
INV-41369100004,2021-10-26,5202,CASEY'S GENERAL STORE #2900 / GILBER,"115, 25TH  AVE",GILBERTVILLE,50634.0,POINT(-92.218712 42.424125),7,BLACK HAWK,1701100.0,TEMPORARY & SPECIALTY PACKAGES,421,SAZERAC COMPANY  INC,101472,99 BRAND ADULT VARIETY TRICK & TREAT BAG,1,50,51.66,77.49,1,77.49,0.05,0.01
INV-74943200002,2024-10-04,10213,NEW STAR / CHARITON,1155 N 7TH ST.,CHARITON,50049.0,POINT(-93.3034 41.0275),,LUCAS,1701100,TEMPORARY & SPECIALTY PACKAGES,421,SAZERAC COMPANY  INC,101472,99 BRAND ADULT VARIETY TRICK & TREAT BAG MINI,1,50,51.6,77.4,1,77.4,0.05,0.01
INV-40138600004,2021-09-16,4604,PIT STOP LIQUORS / NEWTON,"1324, 1ST AVE E",NEWTON,50208,POINT(-93.035654 41.699173),50,JASPER,1701100.0,TEMPORARY & SPECIALTY PACKAGES,421,SAZERAC COMPANY  INC,101472,99 BRAND ADULT VARIETY TRICK & TREAT BAG,1,50,51.66,77.49,1,77.49,0.05,0.01
INV-62935700004,2023-10-04,5279,CASEY'S GENERAL STORE # 2560/ AMES,3020 DUFF AVE,AMES,50010,POINT(-93.618658121 42.051152685),,STORY,1701100.0,TEMPORARY & SPECIALTY PACKAGES,421,SAZERAC COMPANY  INC,101472,99 BRAND ADULT VARIETY TRICK & TREAT BAG MINI,1,50,51.6,77.4,1,77.4,0.05,0.01
INV-40017700002,2021-09-13,6132,DUBUQUE WINE & SPIRITS,3305 ASBURY RD,DUBUQUE,52002,POINT(-90.720951 42.512386),31,DUBUQUE,1701100.0,TEMPORARY & SPECIALTY PACKAGES,421,SAZERAC COMPANY  INC,101472,99 BRAND ADULT VARIETY TRICK & TREAT BAG,1,50,51.66,77.49,1,77.49,0.05,0.01
INV-42936400015,2021-12-15,4993,SITE FOOD MART,"1301, MAIN ST",KEOKUK,52632.0,POINT(-91.390063 40.402224),56,LEE,1701100.0,TEMPORARY & SPECIALTY PACKAGES,421,SAZERAC COMPANY  INC,101473,99 BRAND VARIETY PARTY YARD PACK MINI,1,50,51.6,77.4,1,77.4,0.05,0.01
INV-50551200015,2022-08-22,3959,HARTIG DRUG COMPANY #8/UNIVERSITY,1600 UNIVERSITY AVE,DUBUQUE,52001,POINT(-90.688027 42.498279),,DUBUQUE,1081600.0,WHISKEY LIQUEUR,421,SAZERAC COMPANY  INC,101512,FIREBALL CINNAMON WHISKEY PARTY YARD MINI,1,50,51.6,77.4,1,77.4,0.05,0.01
INV-53057400002,2022-11-15,6033,CASEY'S GENERAL STORE #2477 / LE MARS,101 5TH AVE SW,LE MARS,51031.0,POINT(-96.17377 42.7915),,PLYMOUTH,1011100,BLENDED WHISKIES,421,SAZERAC COMPANY  INC,101539,SOUTHERN COMFORT PARTY BUCKET MINI,1,50,51.6,77.4,1,77.4,0.05,0.01
INV-52908800001,2022-11-09,5298,DEWITT TRAVEL MART,"630, 6TH AVE",DEWITT,52742.0,POINT(-90.53898 41.82167),,CLINTON,1701100,TEMPORARY & SPECIALTY PACKAGES,481,SUGARLANDS DISTILLING COMPANY LLC,101549,SUGARLANDS CANDY CANE VARIETY PACK,1,50,102.36,153.54,1,153.54,0.05,0.01
INV-41912400004,2021-11-11,4932,B AND B WEST,3105 HUDSON RD,CEDAR FALLS,50613,POINT(-92.465838 42.509248),7,BLACK HAWK,1011100.0,BLENDED WHISKIES,306,MISSISSIPPI RIVER DISTIL,101641,CODY ROAD SIX SHOOTER VARIETY PACK MINIS,10,50,9.0,13.5,1,13.5,0.05,0.01
INV-64589900001,2023-11-23,4247,FAREWAY STORES #879 / BELMOND,512 RIVER AVE N,BELMOND,50421,POINT(-93.616058013 42.850178984),,WRIGHT,1081600.0,WHISKEY LIQUEUR,421,SAZERAC COMPANY  INC,101710,FIREBALL WINDOW BOX MINIS,1,50,51.6,77.4,1,77.4,0.05,0.01
INV-86528300001,2025-09-12,3562,WAL-MART 0797 / W BURLINGTON,324 WEST AGENCY RD,WEST BURLINGTON,52655.0,POINT(-91.15974 40.81378),,DES MOINES,1081600,WHISKEY LIQUEUR,421,SAZERAC COMPANY  INC,101710,FIREBALL WINDOW BOX MINIS,1,50,54.0,81.0,1,81.0,0.05,0.01
INV-92584200003,2026-03-12,3722,WAL-MART 1361 / SIOUX CITY,3400 SINGING HILLS BLVD,SIOUX CITY,51106.0,POINT(-96.36329 42.43416),,WOODBURY,1081600,WHISKEY LIQUEUR,421,SAZERAC COMPANY  INC,101710,FIREBALL WINDOW BOX MINIS,1,50,54.0,81.0,1,81.0,0.05,0.01
INV-83061800002,2025-05-30,3562,WAL-MART 0797 / W BURLINGTON,324 WEST AGENCY RD,WEST BURLINGTON,52655.0,POINT(-91.16011 40.81418),,DES MOINES,1081600,WHISKEY LIQUEUR,421,SAZERAC COMPANY  INC,101710,FIREBALL WINDOW BOX MINIS,1,50,52.4,78.6,1,78.6,0.05,0.01
INV-65313400006,2023-12-15,6209,HY-VEE / GRIMES,351 NORTHEAST GATEWAY DRIVE,GRIMES,50111,POINT(-93.777219967 41.690352998),,POLK,1081600.0,WHISKEY LIQUEUR,421,SAZERAC COMPANY  INC,101710,FIREBALL WINDOW BOX MINIS,1,50,51.6,77.4,1,77.4,0.05,0.01
INV-90098400002,2025-12-24,3622,WAL-MART 1415 / SPIRIT LAKE,2600 HWY 71,SPIRIT LAKE,51360.0,POINT(-95.06709 43.43053),,DICKINSON,1081600,WHISKEY LIQUEUR,421,SAZERAC COMPANY  INC,101710,FIREBALL WINDOW BOX MINIS,1,50,54.0,81.0,1,81.0,0.05,0.01
INV-66866000004,2024-02-02,6209,HY-VEE / GRIMES,351 NORTHEAST GATEWAY DRIVE,GRIMES,50111,POINT(-93.777219967 41.690352998),,POLK,1081600.0,WHISKEY LIQUEUR,421,SAZERAC COMPANY  INC,101710,FIREBALL WINDOW BOX MINIS,1,50,51.6,77.4,1,77.4,0.05,0.01
INV-54480800015,2022-12-29,2538,HY-VEE FOOD STORE #3 (1866) / WATERLOO,1422 FLAMMANG DR,WATERLOO,50702.0,POINT(-92.32789 42.45998),,BLACK HAWK,1081600,WHISKEY LIQUEUR,421,SAZERAC COMPANY  INC,101710,FIREBALL WINDOW BOX MINIS,1,50,51.6,77.4,1,77.4,0.05,0.01
INV-81309600002,2025-04-06,10275,UNIVERSITY MARKET / DES MOINES,2231 EAST UNIVERSITY AVENUE,DES MOINES,50317.0,POINT(-93.57553 41.60023),,POLK,1081600,WHISKEY LIQUEUR,421,SAZERAC COMPANY  INC,101710,FIREBALL WINDOW BOX MINIS,1,50,52.4,78.6,1,78.6,0.05,0.01
INV-45149700103,2022-07-22,6209,HY-VEE / GRIMES,351 NORTHEAST GATEWAY DRIVE,GRIMES,50111,POINT(-93.779961 41.68625),,POLK,1081600.0,WHISKEY LIQUEUR,421,SAZERAC COMPANY  INC,101710,FIREBALL WINDOW BOX MINIS,1,50,51.6,77.4,1,77.4,0.05,0.01
INV-79769700002,2025-02-19,2619,HY-VEE WINE AND SPIRITS / WDM,1725  74TH ST,WEST DES MOINES,50266,,,POLK,1081400.0,AMERICAN SCHNAPPS,421,SAZERAC COMPANY  INC,101712,99 RAINBOW PACK MINI,1,50,52.4,78.6,1,78.6,0.05,0.01
INV-62455900001,2023-09-19,5423,STAMMER LIQUOR CORP,615 2ND AVE,SHELDON,51201,POINT(-95.854524968 43.184158012),,O'BRIEN,1081400.0,AMERICAN SCHNAPPS,421,SAZERAC COMPANY  INC,101712,99 RAINBOW PACK MINI,1,50,51.6,77.4,1,77.4,0.05,0.01
INV-62469300008,2023-09-20,10216,KRAMER'S INC.,108 SOUTH MAPLE STREET,SALEM,52649,POINT(-91.619685987 40.853887005),,HENRY,1031100.0,AMERICAN VODKAS,421,SAZERAC COMPANY  INC,101873,FRIS VARIETY MINI,12,50,4.3,6.45,1,6.45,0.05,0.01
INV-58637400002,2023-05-19,2712,HY-VEE / DECORAH,915 SHORT ST #107,DECORAH,52101,POINT(-91.7968270329999 43.2907819810001),,WINNESHIEK,1701100.0,TEMPORARY & SPECIALTY PACKAGES,35,BACARDI USA INC,101953,BACARDI FLAVORED RUM PARTY BUCKET,1,50,39.96,59.94,1,59.94,0.05,0.01
INV-83646800002,2025-06-17,2505,HY-VEE WINE AND SPIRITS (1038) / BOONE,1111  8TH ST,BOONE,50036.0,POINT(-93.87599 42.06444),,BOONE,1081200,CREAM LIQUEURS,205,E & J GALLO WINERY,101968,RUMCHATA COCONUT MINI,12,50,8.87,13.31,1,13.31,0.05,0.01
INV-59374100001,2023-06-13,10207,DOC'S LIQUOR / ROCK VALLEY,960 WESTVIEW DRIVE,ROCK VALLEY,51247,POINT(-96.30882436 43.1991688590001),,SIOUX,1081200.0,CREAM LIQUEURS,205,E & J GALLO WINERY,101968,RUMCHATA COCONUT MINI,12,50,8.87,13.31,1,13.31,0.05,0.01
INV-88179100001,2025-10-31,5223,CASEY'S GENERAL STORE #1503 / TABOR,721 MAIN ST,TABOR,51653.0,POINT(-95.67135 40.89935),,FREMONT,1081400,AMERICAN SCHNAPPS,421,SAZERAC COMPANY  INC,102027,99 PUNCHES VARIETY MINI,1,50,54.0,81.0,1,81.0,0.05,0.01
INV-91202000004,2026-01-28,2555,HY-VEE FOOD STORE (1324) / KEOKUK,3111 MAIN,KEOKUK,52632.0,POINT(-91.40268 40.41614),,LEE,1081400,AMERICAN SCHNAPPS,421,SAZERAC COMPANY  INC,102027,99 PUNCHES VARIETY MINI,1,50,54.0,81.0,1,81.0,0.05,0.01
INV-88433800001,2025-11-10,5846,ROCKINGHAM LIQUOR - DAVENPORT,2423 ROCKINGHAM ROAD,DAVENPORT,52802.0,POINT(-90.61345 41.51414),,SCOTT,1081400,AMERICAN SCHNAPPS,421,SAZERAC COMPANY  INC,102027,99 PUNCHES VARIETY MINI,1,50,54.0,81.0,1,81.0,0.05,0.01
INV-87877300003,2025-10-23,2602,HY-VEE FOOD STORE / WEBSTER CITY,823  2ND ST,WEBSTER CITY,50595.0,POINT(-93.82476 42.46994),,HAMILTON,1081400,AMERICAN SCHNAPPS,421,SAZERAC COMPANY  INC,102027,99 PUNCHES VARIETY MINI,1,50,54.0,81.0,1,81.0,0.05,0.01
INV-81016700001,2025-03-27,6144,NORTHSIDE LIQUOR AND GROCERY / MASON CITY,1303 N FEDERAL,MASON CITY,50401.0,POINT(-93.20109 43.16367),,CERRO GORDO,1081400,AMERICAN SCHNAPPS,421,SAZERAC COMPANY  INC,102027,99 PUNCHES VARIETY MINI,1,50,52.4,78.6,1,78.6,0.05,0.01
INV-69570500002,2024-04-25,6258,FORT MADISON TOBACCO AND LIQUOR OUTLET PLUS / FORT MADISON,1735 AVENUE H,FORT MADISON,52627,POINT(-91.329825023 40.630500987),,LEE,1081400.0,AMERICAN SCHNAPPS,421,SAZERAC COMPANY  INC,102027,99 PUNCHES VARIETY MINI,1,50,51.6,77.4,1,77.4,0.05,0.01
INV-91554300002,2026-02-10,5994,HAWKEYE SMOKE AND LIQUOR / IOWA CITY,108 E. COLLEGE ST,IOWA CITY,52240.0,POINT(-91.5342 41.65896),,JOHNSON,1081400,AMERICAN SCHNAPPS,421,SAZERAC COMPANY  INC,102027,99 PUNCHES VARIETY MINI,1,50,54.0,81.0,1,81.0,0.05,0.01
INV-65123300001,2023-12-11,5092,KUM & GO #3035 / WEST DES MOINES,7265 VISTA DR,WEST DES MOINES,50265,POINT(-93.807833022 41.589117254),,POLK,1081400.0,AMERICAN SCHNAPPS,421,SAZERAC COMPANY  INC,102027,99 PUNCHES VARIETY MINI,1,50,51.6,77.4,1,77.4,0.05,0.01
INV-81713100002,2025-04-18,5471,WORLD LIQUOR & TOBACCO + VAPORS,1030 8TH ST,BOONE,50036.0,POINT(-93.87691 42.06382),,BOONE,1081400,AMERICAN SCHNAPPS,421,SAZERAC COMPANY  INC,102027,99 PUNCHES VARIETY MINI,1,50,52.4,78.6,1,78.6,0.05,0.01
INV-78906200003,2025-01-22,5792,CASEY'S GENERAL STORE #2672 / SANBORN,510 W 7TH ST,SANBORN,51248.0,POINT(-95.66213 43.18599),,O'BRIEN,1081400,AMERICAN SCHNAPPS,421,SAZERAC COMPANY  INC,102027,99 PUNCHES VARIETY MINI,1,50,52.4,78.6,1,78.6,0.05,0.01
INV-86606100002,2025-09-15,6044,CASEY'S GENERAL STORE #2297 / WDM,108 8TH ST,WEST DES MOINES,50265.0,POINT(-93.71342 41.57004),,POLK,1081400,AMERICAN SCHNAPPS,421,SAZERAC COMPANY  INC,102027,99 PUNCHES VARIETY MINI,1,50,54.0,81.0,1,81.0,0.05,0.01
INV-67033600004,2024-02-07,2522,HY-VEE WINE AND SPIRITS (1628) / SPIRIT LAKE,1902 PEORIA AVENUE,SPIRIT LAKE,51360,POINT(-95.112082975 43.421693017),,DICKINSON,1081400.0,AMERICAN SCHNAPPS,421,SAZERAC COMPANY  INC,102027,99 PUNCHES VARIETY MINI,1,50,51.6,77.4,1,77.4,0.05,0.01
INV-63942000006,2023-11-03,6209,HY-VEE / GRIMES,351 NORTHEAST GATEWAY DRIVE,GRIMES,50111,POINT(-93.777219967 41.690352998),,POLK,1081400.0,AMERICAN SCHNAPPS,421,SAZERAC COMPANY  INC,102027,99 PUNCHES VARIETY MINI,1,50,51.6,77.4,1,77.4,0.05,0.01
INV-82876300002,2025-05-23,10104,MEGA RETAIL / MARION,5680 KACENA AVE.,MARION,52302.0,POINT(-91.55137 42.0429),,LINN,1081400,AMERICAN SCHNAPPS,421,SAZERAC COMPANY  INC,102027,99 PUNCHES VARIETY MINI,1,50,52.4,78.6,1,78.6,0.05,0.01
INV-83122600002,2025-06-02,6119,ALLCOOL LIQUORS / WDM,5904 ASHWORTH RD,WEST DES MOINES,50266.0,POINT(-93.78872 41.584),,POLK,1081400,AMERICAN SCHNAPPS,421,SAZERAC COMPANY  INC,102027,99 PUNCHES VARIETY MINI,1,50,52.4,78.6,1,78.6,0.05,0.01
INV-67789000001,2024-02-29,5035,CASEY'S GENERAL STORE #3205 / COUNCI,19900 VIRGINIA HILLS RD,COUNCIL BLUFFS,51503,POINT(-95.805334009 41.231856021),,POTTAWATTAMIE,1081400.0,AMERICAN SCHNAPPS,421,SAZERAC COMPANY  INC,102027,99 PUNCHES VARIETY MINI,1,50,51.6,77.4,1,77.4,0.05,0.01
INV-65695300002,2023-12-27,10220,VAPE AND SMOKE / TAMA,104 WEST 3RD STREET,TAMA,52339,POINT(-92.577196971 41.961557982),,TAMA,1081400.0,AMERICAN SCHNAPPS,421,SAZERAC COMPANY  INC,102027,99 PUNCHES VARIETY MINI,1,50,51.6,77.4,1,77.4,0.05,0.01
INV-89036700002,2025-11-25,5151,BREW IDA GROVE,"500, HWY 175",IDA GROVE,51445.0,POINT(-95.46737 42.35012),,IDA,1701100,TEMPORARY & SPECIALTY PACKAGES,421,SAZERAC COMPANY  INC,102031,FIREBALL BIRDIE SHOT MINI,1,50,54.0,81.0,1,81.0,0.05,0.01
INV-83537300001,2025-06-13,5322,AVOCA FOOD LAND,212 WEST WOOD ST.,AVOCA,51521.0,POINT(-95.33799 41.48803),,POTTAWATTAMIE,1701100,TEMPORARY & SPECIALTY PACKAGES,421,SAZERAC COMPANY  INC,102031,FIREBALL BIRDIE SHOT MINI,1,50,52.4,78.6,1,78.6,0.05,0.01
INV-73707900003,2024-08-29,2585,HY-VEE WINE AND SPIRITS (1010) / ALGONA,1502 HIGHWAY 169 N SUITE 1,ALGONA,50511.0,POINT(-94.23448296 43.081388),,KOSSUTH,1701100,TEMPORARY & SPECIALTY PACKAGES,205,E & J GALLO WINERY,102042,RUMCHATA PUMPKIN SPICE MINI,1,50,106.44,159.66,1,159.66,0.05,0.01
INV-75948600002,2024-11-01,2624,HY-VEE #2 / DUBUQUE,2395 NW ARTERIAL RD,DUBUQUE,52002.0,POINT(-90.74394 42.51674),,DUBUQUE,1701100,TEMPORARY & SPECIALTY PACKAGES,205,E & J GALLO WINERY,102042,RUMCHATA PUMPKIN SPICE MINI,1,50,106.44,159.66,1,159.66,0.05,0.01
INV-84552300003,2025-07-16,6115,CASEY'S #3920 / MOUNT PLEASANT,2105 E WASHINGTON ST,MOUNT PLEASANT,52641.0,POINT(-91.52394 40.96076),,HENRY,1062500,FLAVORED RUM,421,SAZERAC COMPANY  INC,102177,PARROT BAY VARIETY PACK MINI,12,50,4.8,7.2,1,7.2,0.05,0.01
INV-63912000001,2023-11-03,2629,HY-VEE FOOD STORE #2 / COUNCIL BLUFFS,1745 MADISON AVE,COUNCIL BLUFFS,51503,POINT(-95.822889989 41.245741021),,POTTAWATTAMIE,1701100.0,TEMPORARY & SPECIALTY PACKAGES,205,E & J GALLO WINERY,102190,RUMCHATA PEPPERMINT BARK MINI,1,50,106.44,159.66,1,159.66,0.05,0.01
INV-77972000002,2024-12-24,2650,HY-VEE WINE AND SPIRITS / HARLAN,1808 23RD ST,HARLAN,51537.0,POINT(-95.33943 41.65068),,SHELBY,1701100,TEMPORARY & SPECIALTY PACKAGES,205,E & J GALLO WINERY,102190,RUMCHATA PEPPERMINT BARK MINI,1,50,106.44,159.66,1,159.66,0.05,0.01
INV-64389600004,2023-11-17,2613,HY-VEE FOOD STORE #1 / COUNCIL BLUFFS,2323 W BROADWAY,COUNCIL BLUFFS,51501,POINT(-95.879006999 41.261336012),,POTTAWATTAMIE,1701100.0,TEMPORARY & SPECIALTY PACKAGES,205,E & J GALLO WINERY,102190,RUMCHATA PEPPERMINT BARK MINI,1,50,106.44,159.66,1,159.66,0.05,0.01
INV-67086800002,2024-02-09,4969,LAKE LIQUORS WINE AND SPIRITS,910 N 8TH ST W,CLEAR LAKE,50428,POINT(-93.396266994 43.142791015),,CERRO GORDO,1031200.0,AMERICAN FLAVORED VODKA,900,ATOMIC BRANDS INC,102251,KILLR VARIETY PACK MINI,1,50,27.28,40.92,1,40.92,0.05,0.01
INV-71670800007,2024-06-27,10395,MALIK'S #3 / MASON CITY,1303 4TH ST SW,MASON CITY,50401,POINT(-93.221648984 43.14798901),,CERRO GORDO,1031200.0,AMERICAN FLAVORED VODKA,900,ATOMIC BRANDS INC,102251,KILLR VARIETY PACK MINI,1,50,27.28,40.92,1,40.92,0.05,0.01
INV-76367100001,2024-11-12,10473,DESIGNER INN & SUITES / TOLEDO,403 BUSINESS HWY 30 W,TOLEDO,52342.0,POINT(-92.58597 41.98921),,TAMA,1012100,CANADIAN WHISKIES,260,DIAGEO AMERICAS,102286,CROWN ROYAL APPLE AND PEACH MINI,6,50,10.0,15.0,1,15.0,0.05,0.01
INV-88757500001,2025-11-18,5800,BREW GAS COFFEE WINE SPIRITS,2026 RIVERSIDE BLVD,SIOUX CITY,51109.0,POINT(-96.47453 42.51491),,WOODBURY,1012100,CANADIAN WHISKIES,260,DIAGEO AMERICAS,102286,CROWN ROYAL APPLE AND PEACH MINI,6,50,10.0,15.0,1,15.0,0.05,0.01
INV-89217500001,2025-12-02,5814,EICHMAN ENTERPRISES INC / SAGEVILLE,11941 HWY 52 N,SAGEVILLE,52002.0,POINT(-90.72024 42.56626),,DUBUQUE,1012100,CANADIAN WHISKIES,260,DIAGEO AMERICAS,102286,CROWN ROYAL APPLE AND PEACH MINI,6,50,10.0,15.0,1,15.0,0.05,0.01
INV-91431000003,2026-02-05,5917,URBANDALE LIQUOR,6401 DOUGLAS AVE. STE 1,URBANDALE,50322.0,POINT(-93.70588 41.62996),,POLK,1081400,AMERICAN SCHNAPPS,421,SAZERAC COMPANY  INC,102375,99 BRAND FLAVORED LEMONADES MINI,1,50,54.0,81.0,1,81.0,0.05,0.01
INV-83615500003,2025-06-17,10445,OSCEOLA LIQUOR LLC / OSCEOLA,715 W MCLANE ST,OSCEOLA,50213.0,POINT(-93.77654 41.03078),,CLARKE,1081400,AMERICAN SCHNAPPS,421,SAZERAC COMPANY  INC,102375,99 BRAND FLAVORED LEMONADES MINI,1,50,52.4,78.6,1,78.6,0.05,0.01
INV-79672600004,2025-02-17,2675,HY-VEE #2 / CORALVILLE,3285 CROSSPARK RD,CORALVILLE,52241,POINT(-91.6047 41.72224),,JOHNSON,1081400.0,AMERICAN SCHNAPPS,421,SAZERAC COMPANY  INC,102375,99 BRAND FLAVORED LEMONADES MINI,1,50,52.4,78.6,1,78.6,0.05,0.01
INV-74744600002,2024-09-27,5915,THE HUT / COUNCIL BLUFFS,1925 W BROADWAY,COUNCIL BLUFFS,51501.0,POINT(-95.87297 41.26156),,POTTAWATTAMIE,1081400,AMERICAN SCHNAPPS,421,SAZERAC COMPANY  INC,102375,99 BRAND FLAVORED LEMONADES MINI,1,50,52.4,78.6,1,77.4,0.05,0.01
INV-74624400004,2024-09-24,10098,THE PUMPER / FAYETTE,515 W. WATER STREET,FAYETTE,52142.0,POINT(-91.808784991 42.844741015),,FAYETTE,1081400,AMERICAN SCHNAPPS,421,SAZERAC COMPANY  INC,102375,99 BRAND FLAVORED LEMONADES MINI,1,50,52.4,78.6,1,77.4,0.05,0.01
INV-84017200006,2025-06-29,2675,HY-VEE #2 / CORALVILLE,3285 CROSSPARK RD,CORALVILLE,52241.0,POINT(-91.6047 41.72224),,JOHNSON,1081400,AMERICAN SCHNAPPS,421,SAZERAC COMPANY  INC,102375,99 BRAND FLAVORED LEMONADES MINI,1,50,52.4,78.6,1,78.6,0.05,0.01
INV-74990100001,2024-10-07,4638,GD XPRESS / DAVENPORT,4607 N PINE ST,DAVENPORT,52806.0,POINT(-90.60984 41.56738),,SCOTT,1081400,AMERICAN SCHNAPPS,421,SAZERAC COMPANY  INC,102375,99 BRAND FLAVORED LEMONADES MINI,1,50,52.4,78.6,1,78.6,0.05,0.01
INV-91992600002,2026-02-24,6049,CASEY'S GENERAL STORE #1130 / REINBECK,912 GRUNDY AVE,REINBECK,50669.0,POINT(-92.60513 42.32572),,GRUNDY,1081400,AMERICAN SCHNAPPS,421,SAZERAC COMPANY  INC,102375,99 BRAND FLAVORED LEMONADES MINI,1,50,54.0,81.0,1,81.0,0.05,0.01
INV-93653100002,2026-04-14,3731,WAL-MART 1241 / DAVENPORT,5811 ELMORE AVE,DAVENPORT,52807.0,POINT(-90.52514 41.58062),,SCOTT,1081400,AMERICAN SCHNAPPS,421,SAZERAC COMPANY  INC,102375,99 BRAND FLAVORED LEMONADES MINI,1,50,54.0,81.0,1,81.0,0.05,0.01
INV-73675300003,2024-08-28,2648,HY-VEE #4 / WDM,555 S 51ST ST,WEST DES MOINES,50265.0,POINT(-93.774831041 41.561127981),,POLK,1081400,AMERICAN SCHNAPPS,421,SAZERAC COMPANY  INC,102375,99 BRAND FLAVORED LEMONADES MINI,1,50,51.6,77.4,1,77.4,0.05,0.01
INV-71421000001,2024-06-20,6323,"FAREWAY STORES, INC. #225 / DES MOINES",2716 BEAVER AVENUE,DES MOINES,50310,POINT(-93.673553008 41.619913998),,POLK,1081400.0,AMERICAN SCHNAPPS,421,SAZERAC COMPANY  INC,102375,99 BRAND FLAVORED LEMONADES MINI,1,50,51.6,77.4,1,77.4,0.05,0.01
INV-87014800005,2025-09-26,10672,PERRY MART / PERRY,1115 141ST ST,PERRY,50220.0,POINT(-94.1057 41.82995),,DALLAS,1081400,AMERICAN SCHNAPPS,421,SAZERAC COMPANY  INC,102375,99 BRAND FLAVORED LEMONADES MINI,1,50,54.0,81.0,1,81.0,0.05,0.01
INV-93001900002,2026-03-24,5994,HAWKEYE SMOKE AND LIQUOR / IOWA CITY,108 E. COLLEGE ST,IOWA CITY,52240.0,POINT(-91.5342 41.65896),,JOHNSON,1081400,AMERICAN SCHNAPPS,421,SAZERAC COMPANY  INC,102375,99 BRAND FLAVORED LEMONADES MINI,1,50,54.0,81.0,1,81.0,0.05,0.01
INV-87667200002,2025-10-16,2582,HY-VEE #2 FOOD STORE / MASON CITY,551 S ILLINOIS AVE,MASON CITY,50401.0,POINT(-93.17082 43.14615),,CERRO GORDO,1081400,AMERICAN SCHNAPPS,421,SAZERAC COMPANY  INC,102375,99 BRAND FLAVORED LEMONADES MINI,1,50,54.0,81.0,1,81.0,0.05,0.01
INV-83479700001,2025-06-12,10270,LIQUOR LOVERS  / ANKENY,1510 SOUTH ANKENY BOULEVARD PRAIRIE TRAIL SUITE 107-108,ANKENY,50023.0,POINT(-93.60048 41.71595),,POLK,1081400,AMERICAN SCHNAPPS,421,SAZERAC COMPANY  INC,102375,99 BRAND FLAVORED LEMONADES MINI,1,50,52.4,78.6,1,78.6,0.05,0.01
INV-90503000004,2026-01-07,3443,SUPER SAVER IV,1141 N BROADWAY,COUNCIL BLUFFS,51503.0,POINT(-95.83548 41.27072),,POTTAWATTAMIE,1031200,AMERICAN FLAVORED VODKA,205,E & J GALLO WINERY,102452,NEW AMSTERDAM PINK WHITNEY BUCKET MINI,1,50,60.0,90.0,1,90.0,0.05,0.01
INV-85859400003,2025-08-25,5766,CASEY'S GENERAL STORE #2944 / MUSCATINE,3010 UNIVERSITY DR,MUSCATINE,52761.0,POINT(-91.01718 41.45814),,MUSCATINE,1031200,AMERICAN FLAVORED VODKA,205,E & J GALLO WINERY,102452,NEW AMSTERDAM PINK WHITNEY BUCKET MINI,1,50,55.98,83.97,1,83.97,0.05,0.01
INV-77630100001,2024-12-17,10068,ESSENTIALS PLUS / CLINTON,2712 SOUTH 25TH STREET SUITE D3,CLINTON,52732.0,POINT(-90.24434 41.81611),,CLINTON,1031200,AMERICAN FLAVORED VODKA,205,E & J GALLO WINERY,102452,NEW AMSTERDAM PINK WHITNEY BUCKET MINI,1,50,55.98,83.97,1,83.97,0.05,0.01
INV-87038200002,2025-09-26,6256,821 SQ LIQUOR / DES MOINES,821 EAST EUCLID AVENUE,DES MOINES,50316.0,POINT(-93.60758 41.62773),,POLK,1031200,AMERICAN FLAVORED VODKA,205,E & J GALLO WINERY,102452,NEW AMSTERDAM PINK WHITNEY BUCKET MINI,1,50,55.98,83.97,1,83.97,0.05,0.01
INV-75675100001,2024-10-24,2666,HY-VEE FOOD STORE #2 / STATE ANKENY,2510 SW STATE ST,ANKENY,50023.0,POINT(-93.62319 41.70491),,POLK,1701100,TEMPORARY & SPECIALTY PACKAGES,205,E & J GALLO WINERY,102452,NEW AMSTERDAM PINK WHITNEY BUCKET MINI,1,50,55.98,83.97,1,83.97,0.05,0.01
INV-75754700026,2024-10-27,2505,HY-VEE WINE AND SPIRITS (1038) / BOONE,1111  8TH ST,BOONE,50036.0,POINT(-93.87599 42.06444),,BOONE,1701100,TEMPORARY & SPECIALTY PACKAGES,205,E & J GALLO WINERY,102452,NEW AMSTERDAM PINK WHITNEY BUCKET MINI,1,50,55.98,83.97,1,83.97,0.05,0.01
INV-76761200002,2024-11-21,6144,NORTHSIDE LIQUOR AND GROCERY / MASON CITY,1303 N FEDERAL,MASON CITY,50401.0,POINT(-93.20109 43.16367),,CERRO GORDO,1701100,TEMPORARY & SPECIALTY PACKAGES,421,SAZERAC COMPANY  INC,102494,99 TOASTED FLAVORITES MINI,1,50,52.32,78.48,1,78.48,0.05,0.01
INV-81891600006,2025-04-23,10585,HOMETOWN LIQUOR & WINE / MOUNT PLEASANT,719 NORTH GRAND AVENUE,MOUNT PLEASANT,52641.0,POINT(-91.53807 40.97583),,HENRY,1701100,TEMPORARY & SPECIALTY PACKAGES,421,SAZERAC COMPANY  INC,102494,99 TOASTED FLAVORITES MINI,1,50,52.32,78.48,1,78.48,0.05,0.01
INV-76077000005,2024-11-05,10220,VAPE AND SMOKE / TAMA,104 WEST 3RD STREET,TAMA,52339.0,POINT(-92.57712 41.96178),,TAMA,1701100,TEMPORARY & SPECIALTY PACKAGES,421,SAZERAC COMPANY  INC,102494,99 TOASTED FLAVORITES MINI,1,50,52.32,78.48,1,78.48,0.05,0.01
INV-88450700001,2025-11-10,5138,KELLOGG COUNTRY STORE,"103, BLAIR ST",KELLOGG,50135.0,POINT(-92.9031 41.71438),,JASPER,1062500,FLAVORED RUM,260,DIAGEO AMERICAS,102543,CAPTAIN MORGAN SWEET CHILI LIME MINI,12,50,4.8,7.2,1,7.2,0.05,0.01
INV-79308900001,2025-02-04,10193,BEER ON FLOYD / SIOUX CITY,3132 FLOYD BLVD,SIOUX CITY,51108,POINT(-96.37144 42.5326),,WOODBURY,1062500.0,FLAVORED RUM,260,DIAGEO AMERICAS,102543,CAPTAIN MORGAN SWEET CHILI LIME MINI,12,50,4.8,7.2,1,7.2,0.05,0.01
INV-79206000001,2025-01-31,4180,SMOKIN' JOE'S #10 TOBACCO AND LIQUOR OUTLET,480 7TH AVE,MARION,52302.0,POINT(-91.60531 42.03334),,LINN,1062500,FLAVORED RUM,260,DIAGEO AMERICAS,102543,CAPTAIN MORGAN SWEET CHILI LIME MINI,12,50,4.8,7.2,1,7.2,0.05,0.01
INV-86835000001,2025-09-22,10096,DIVISION MART / DAVENPORT,3721 NORTH DIVISION STREET,DAVENPORT,52806.0,POINT(-90.60069 41.55798),,SCOTT,1011100,BLENDED WHISKIES,370,PERNOD RICARD USA,102602,SKREWBALL PEANUT BUTTER WHISKEY MINI 4 PACK,30,50,3.99,5.99,1,5.99,0.05,0.01
INV-86770000002,2025-09-19,4023,WAL-MART 1389 / BOONE,1515 SE MARSHALL ST,BOONE,50036.0,POINT(-93.87027 42.03612),,BOONE,1701100,TEMPORARY & SPECIALTY PACKAGES,260,DIAGEO AMERICAS,102624,CAPTAIN MORGAN PARTY BUCKET MINI,1,50,57.6,86.4,1,86.4,0.05,0.01
INV-87754300002,2025-10-20,6260,SUPERQUICK LIQUOR VINE / WEST DES MOINES,2704 VINE STREET,WEST DES MOINES,50265.0,POINT(-93.74167 41.58),,POLK,1701100,TEMPORARY & SPECIALTY PACKAGES,260,DIAGEO AMERICAS,102624,CAPTAIN MORGAN PARTY BUCKET MINI,1,50,57.6,86.4,1,86.4,0.05,0.01
INV-91231800002,2026-01-29,10558,MERLE HAY LIQUOR & SMOKE / DES MOINES,3408 MERLE HAY ROAD,DES MOINES,50310.0,POINT(-93.69825 41.62526),,POLK,1701100,TEMPORARY & SPECIALTY PACKAGES,260,DIAGEO AMERICAS,102694,SMIRNOFF VARIETY PACK MINI,1,50,55.32,82.98,1,82.98,0.05,0.01
INV-88979300001,2025-11-24,6287,RIVERSIDE #4 / BETTENDORF,2320 SPRUCE HILLS DRIVE,BETTENDORF,52722.0,POINT(-90.50031 41.54952),,SCOTT,1701100,TEMPORARY & SPECIALTY PACKAGES,260,DIAGEO AMERICAS,102694,SMIRNOFF VARIETY PACK MINI,1,50,55.32,82.98,1,82.98,0.05,0.01
INV-90863600002,2026-01-20,6260,SUPERQUICK LIQUOR VINE / WEST DES MOINES,2704 VINE STREET,WEST DES MOINES,50265.0,POINT(-93.74167 41.58),,POLK,1701100,TEMPORARY & SPECIALTY PACKAGES,260,DIAGEO AMERICAS,102753,DON JULIO 1942 MULTI PACK MINI,8,50,21.49,32.24,1,32.24,0.05,0.01
INV-89812000003,2025-12-18,10154,HIWAY 20 LIQUOR AND TOBACCO / WEBSTER CITY,1345 2ND STREET,WEBSTER CITY,50595.0,POINT(-93.83741 42.46956),,HAMILTON,1701100,TEMPORARY & SPECIALTY PACKAGES,421,SAZERAC COMPANY  INC,102754,SVEDKA VODKA MINI,12,50,4.5,6.75,1,6.75,0.05,0.01
INV-93078300004,2026-03-26,5000,CASEY'S GENERAL STORE #3319 / NEVADA,1800 SOUTH B AVE,NEVADA,50201.0,POINT(-93.43581 42.00881),,STORY,1081400,AMERICAN SCHNAPPS,421,SAZERAC COMPANY  INC,102847,99 SOUR WATERMELON MINI,1,50,54.0,81.0,1,81.0,0.05,0.01
INV-93210400004,2026-03-31,4828,CASEY'S GENERAL STORE #3228 / MARSHALLTOWN,916 E MAIN ST,MARSHALLTOWN,50158,POINT(-92.89623 42.04921),,MARSHALL,1081400,AMERICAN SCHNAPPS,421,SAZERAC COMPANY  INC,102847,99 SOUR WATERMELON MINI,1,50,54.0,81.0,1,81.0,0.05,0.01
INV-86739700003,2025-09-18,4969,LAKE LIQUORS WINE AND SPIRITS / CLEAR LAKE,910 N 8TH ST W,CLEAR LAKE,50428.0,POINT(-93.39636 43.14272),,CERRO GORDO,1081600,WHISKEY LIQUEUR,421,SAZERAC COMPANY  INC,103156,FIREBALL CINNAMON WHISKY VIKINGS BUCKET MINI,1,50,54.0,81.0,1,81.0,0.05,0.01
INV-87291500001,2025-10-06,5670,JONESY'S STOP N SHOP,104 N 1ST ST,ROCKWELL,50469.0,POINT(-93.19198 42.98552),,CERRO GORDO,1701100,TEMPORARY & SPECIALTY PACKAGES,421,SAZERAC COMPANY  INC,103156,FIREBALL CINNAMON WHISKY VIKINGS BUCKET MINI,1,50,54.0,81.0,1,81.0,0.05,0.01
INV-85382500001,2025-08-11,5205,GLIDDEN GROCERY,201 IDAHO ST,GLIDDEN,51443.0,POINT(-94.72891 42.05687),,CARROLL,1012100,CANADIAN WHISKIES,260,DIAGEO AMERICAS,10646,CROWN ROYAL BLACKBERRY MINI,10,50,5.76,8.64,1,8.64,0.05,0.01
INV-49136200001,2022-07-12,5593,GRANDVIEW MART,714 GRANDVIEW AVE,MUSCATINE,52761,POINT(-91.063161 41.409214),70,MUSCATINE,1701100.0,TEMPORARY & SPECIALTY PACKAGES,260,DIAGEO AMERICAS,10775,CROWN ROYAL PEACH MINI,10,50,5.94,8.91,1,8.91,0.05,0.01
INV-73376800003,2024-08-19,2576,HY-VEE WINE AND SPIRITS / STORM LAKE,1250 N LAKE ST,STORM LAKE,50588,POINT(-95.20329803 42.653299017),,BUENA VISTA,1012100.0,CANADIAN WHISKIES,260,DIAGEO AMERICAS,10775,CROWN ROYAL PEACH MINI,10,50,5.76,8.64,1,8.87,0.05,0.01
INV-67848600001,2024-03-01,3916,SMOKIN' JOE'S #5 TOBACCO AND LIQUOR OUTLET,1115 ALBIA RD,OTTUMWA,52501,POINT(-92.437173004 41.009573983),,WAPELLO,1012100.0,CANADIAN WHISKIES,260,DIAGEO AMERICAS,10775,CROWN ROYAL PEACH MINI,10,50,5.91,8.87,1,8.87,0.05,0.01
INV-69427200002,2024-04-21,10333,"FAREWAY STORES, INC. #077B / NORWALK",2200 SUNSET DRIVE,NORWALK,50211,POINT(-93.673938691 41.487734487),,WARREN,1012100.0,CANADIAN WHISKIES,260,DIAGEO AMERICAS,10775,CROWN ROYAL PEACH MINI,10,50,5.91,8.87,1,8.87,0.05,0.01
INV-89213900003,2025-12-02,6226,ROCK C LIQUOR & WINE & TOBACCO / IOWA FALLS,418 ROCKSYLVANIA AVENUE,IOWA FALLS,50126.0,POINT(-93.26263 42.52143),,HARDIN,1012100,CANADIAN WHISKIES,260,DIAGEO AMERICAS,10775,CROWN ROYAL PEACH MINI,10,50,5.76,8.64,1,8.64,0.05,0.01
INV-48656600001,2022-06-24,4135,FAREWAY STORES #925 / ALTOONA,620 SE 8TH ST,ALTOONA,50009,POINT(-93.457935 41.644082),77,POLK,1701100.0,TEMPORARY & SPECIALTY PACKAGES,260,DIAGEO AMERICAS,10775,CROWN ROYAL PEACH MINI,10,50,5.94,8.91,1,8.91,0.05,0.01
INV-48711500053,2022-06-27,5441,LIQUOR ON THE CORNER,300 EAST MAIN,CHEROKEE,51012,POINT(-95.547298 42.749597),18,CHEROKEE,1701100.0,TEMPORARY & SPECIALTY PACKAGES,260,DIAGEO AMERICAS,10775,CROWN ROYAL PEACH MINI,10,50,5.94,8.91,1,8.91,0.05,0.01
INV-48472900013,2022-06-17,2543,HY-VEE FOOD STORE #1 / OTTUMWA,1025 NORTH QUINCY AVE,OTTUMWA,52501,POINT(-92.438459 41.015507),90,WAPELLO,1701100.0,TEMPORARY & SPECIALTY PACKAGES,260,DIAGEO AMERICAS,10775,CROWN ROYAL PEACH MINI,10,50,5.94,8.91,1,8.91,0.05,0.01
INV-71751500001,2024-07-01,10073,FAREWAY STORES INC #229 / ODGEN,302 WEST WALNUT STREET,OGDEN,50212,POINT(-94.031072023 42.038769015),,BOONE,1012100.0,CANADIAN WHISKIES,260,DIAGEO AMERICAS,10775,CROWN ROYAL PEACH MINI,10,50,5.91,8.87,1,8.87,0.05,0.01
INV-77602400002,2024-12-16,6070,BIG 10 MART #11 / DUBUQUE,3300 ASBURY RD,DUBUQUE,52001.0,POINT(-90.72113 42.51248),,DUBUQUE,1012100,CANADIAN WHISKIES,260,DIAGEO AMERICAS,10775,CROWN ROYAL PEACH MINI,10,50,5.76,8.64,1,8.64,0.05,0.01
INV-92803500003,2026-03-19,4757,EZ MART / BONDURANT,1111 SE LINCOLN STREET,BONDURANT,50035.0,POINT(-93.45713 41.69251),,POLK,1012100,CANADIAN WHISKIES,260,DIAGEO AMERICAS,10775,CROWN ROYAL PEACH MINI,10,50,5.76,8.64,1,8.64,0.05,0.01
INV-48523700002,2022-06-21,6030,CASEY'S GENERAL STORE #1564 / MARSHALLTOWN,1009 W LINCOLN WAY,MARSHALLTOWN,50158,POINT(-92.930058 42.041864),64,MARSHALL,1701100.0,TEMPORARY & SPECIALTY PACKAGES,260.0,DIAGEO AMERICAS,10775,CROWN ROYAL PEACH MINI,10,50,5.94,8.91,1,8.91,0.05,0.01
INV-81294600003,2025-04-04,5236,"GIGGLE JUICE LIQUOR STATION, LLC",600 W. MAIN ST.,ANAMOSA,52205.0,POINT(-91.29085 42.10821),,JONES,1012100,CANADIAN WHISKIES,260,DIAGEO AMERICAS,10775,CROWN ROYAL PEACH MINI,10,50,5.76,8.64,1,8.64,0.05,0.01
INV-48890400001,2022-07-05,4543,CASEY'S GENERAL STORE #2924 / MARION,1100 EAGLE VIEW DR,MARION,52302,POINT(-91.553462 42.037621),57,LINN,1701100.0,TEMPORARY & SPECIALTY PACKAGES,260,DIAGEO AMERICAS,10775,CROWN ROYAL PEACH MINI,10,50,5.94,8.91,1,8.91,0.05,0.01
INV-71585300001,2024-06-25,10003,TOP SHELF LIQUOR / IOWA CITY,412 HIGHWAY 1,IOWA CITY,52246,POINT(-91.544079711 41.648079581),,JOHNSON,1012100.0,CANADIAN WHISKIES,260,DIAGEO AMERICAS,10775,CROWN ROYAL PEACH MINI,10,50,5.91,8.87,1,8.87,0.05,0.01
INV-48905200001,2022-07-05,4787,380BP / SWISHER,2722 NE 120TH ST,SWISHER,52338,POINT(-91.664376 41.847888),52,JOHNSON,1701100.0,TEMPORARY & SPECIALTY PACKAGES,260,DIAGEO AMERICAS,10775,CROWN ROYAL PEACH MINI,10,50,5.94,8.91,1,8.91,0.05,0.01
INV-40477400021,2021-09-28,4584,J & C GROCERY / DUMONT,611 MAIN ST,DUMONT,50602,POINT(-92.973022 42.750551),12,BUTLER,1012100.0,CANADIAN WHISKIES,260,DIAGEO AMERICAS,10788,CROWN ROYAL VANILLA MINI,10,50,7.35,11.03,1,11.03,0.05,0.01
INV-29730800035,2020-08-25,4000,FOODLAND SUPER MARKETS / WOODBINE,62 5TH ST,WOODBINE,51579.0,POINT(-95.702814 41.737038),43,HARRISON,1012100.0,CANADIAN WHISKIES,260.0,DIAGEO AMERICAS,10788,CROWN ROYAL VANILLA MINI,10,50,7.35,11.03,1,11.03,0.05,0.01
INV-53228800026,2022-11-21,5326,ALS LIQUOR,215 W. MILWAUKEE AVE,STORM LAKE,50588.0,POINT(-95.20241 42.64746),,BUENA VISTA,1012100,CANADIAN WHISKIES,260,DIAGEO AMERICAS,10788,CROWN ROYAL VANILLA MINI,10,50,9.95,14.93,1,14.93,0.05,0.01
INV-31413800050,2020-10-27,5151,IDA LIQUOR,"500, HWY 175",IDA GROVE,51445.0,,47,IDA,1012100.0,CANADIAN WHISKIES,260.0,DIAGEO AMERICAS,10788,CROWN ROYAL VANILLA MINI,10,50,7.35,11.03,1,11.03,0.05,0.01
INV-26923000035,2020-04-29,5315,BROTHER'S MARKET WINE AND SPIRITS,110 SOUTH MAIN STREET,SIGOURNEY,52591,POINT(-92.205105 41.333293),54,KEOKUK,1012100.0,CANADIAN WHISKIES,260,DIAGEO AMERICAS,10788,CROWN ROYAL VANILLA MINI,10,50,7.35,11.03,1,11.03,0.05,0.01
INV-41412600092,2021-10-27,2555,HY-VEE FOOD STORE / KEOKUK,3111 MAIN,KEOKUK,52632.0,,56,LEE,1012100.0,CANADIAN WHISKIES,260,DIAGEO AMERICAS,10788,CROWN ROYAL VANILLA MINI,10,50,7.35,11.03,1,11.03,0.05,0.01
INV-42039900062,2021-11-16,5645,PHILLIPS 66 / GRINNELL,1031 WEST ST,GRINNELL,50112,POINT(-92.727379 41.745903),79,POWESHIEK,1012100.0,CANADIAN WHISKIES,260,DIAGEO AMERICAS,10788,CROWN ROYAL VANILLA MINI,10,50,7.35,11.03,1,11.03,0.05,0.01
INV-42052000220,2021-11-16,6243,HY-VEE DOLLAR FRESH / INDEPENDENCE,1975 3 ELMS ROAD,INDEPENDENCE,50644,POINT(-91.886923 42.456588),10,BUCHANAN,1012100.0,CANADIAN WHISKIES,260,DIAGEO AMERICAS,10788,CROWN ROYAL VANILLA MINI,10,50,7.35,11.03,1,11.03,0.05,0.01
INV-69741500002,2024-04-30,6173,MINI-MART / INDEPENDENCE,709 1ST STREET WEST,INDEPENDENCE,50644,POINT(-91.901689 42.468324999),,BUCHANAN,1012100.0,CANADIAN WHISKIES,260,DIAGEO AMERICAS,10788,CROWN ROYAL VANILLA MINI,10,50,5.91,8.87,1,8.87,0.05,0.01
INV-70854700005,2024-06-04,2578,HY-VEE / CHARLES CITY,901 KELLY ST,CHARLES CITY,50616,POINT(-92.675145042 43.067212986),,FLOYD,1012100.0,CANADIAN WHISKIES,260,DIAGEO AMERICAS,10788,CROWN ROYAL VANILLA MINI,10,50,5.91,8.87,1,8.87,0.05,0.01
INV-59659200003,2023-06-22,2588,HY-VEE FOOD AND DRUG #6 / CEDAR RAPIDS,4035 MT VERNON RD SE,CEDAR RAPIDS,52403,POINT(-91.60975712 41.975159548),,LINN,1012100.0,CANADIAN WHISKIES,260,DIAGEO AMERICAS,10788,CROWN ROYAL VANILLA MINI,10,50,9.95,14.93,1,14.93,0.05,0.01
INV-24063400017,2019-12-20,5252,FREEMAN FOODS OF NORTH ENGLISH,"119, MAIN ST",NORTH ENGLISH,52316,POINT(-92.166582 41.575084),48,IOWA,1012100.0,CANADIAN WHISKIES,260,DIAGEO AMERICAS,10788,CROWN ROYAL VANILLA MINI,10,50,7.35,11.03,1,11.03,0.05,0.01
INV-58786800002,2023-05-25,5684,FIVE CORNERS LIQUOR & WINE,809 E 18TH ST,CEDAR FALLS,50613,POINT(-92.436903022 42.5210439840001),,BLACK HAWK,1012100.0,CANADIAN WHISKIES,260,DIAGEO AMERICAS,10788,CROWN ROYAL VANILLA MINI,10,50,9.95,14.93,1,14.93,0.05,0.01
INV-32624000210,2020-12-11,2603,HY-VEE WINE AND SPIRITS / BETTENDORF,2890 DEVILS GLEN ROAD,BETTENDORF,52722.0,POINT(-90.483701 41.552338),82,SCOTT,1012100.0,CANADIAN WHISKIES,260.0,DIAGEO AMERICAS,10788,CROWN ROYAL VANILLA MINI,10,50,7.35,11.03,1,11.03,0.05,0.01
INV-57640100002,2023-04-18,3723,J D SPIRITS LIQUOR,1023  9TH ST,ONAWA,51040,POINT(-96.0955829709999 42.025913984),,MONONA,1012100.0,CANADIAN WHISKIES,260,DIAGEO AMERICAS,10788,CROWN ROYAL VANILLA MINI,10,50,9.95,14.93,1,14.93,0.05,0.01
INV-23451700017,2019-11-25,2619,HY-VEE WINE AND SPIRITS / WDM,1725  74TH ST,WEST DES MOINES,50266,POINT(-93.808855 41.598515),77,POLK,1012100.0,CANADIAN WHISKIES,260.0,DIAGEO AMERICAS,10788,CROWN ROYAL VANILLA MINI,10,50,7.35,11.03,1,11.03,0.05,0.01
INV-27895800005,2020-06-10,4296,CIRCLE B MARKET,111 MAIN ST,KEOSAUQUA,52565.0,POINT(-91.962466 40.7294),89,VAN BUREN,1012100.0,CANADIAN WHISKIES,260.0,DIAGEO AMERICAS,10788,CROWN ROYAL VANILLA MINI,10,50,7.35,11.03,1,11.03,0.05,0.01
INV-30681100009,2020-10-01,5460,SMOKIN JOE'S # 6 TOBACCO AND LIQUOR OUTLET,2411 2ND ST STE 4,CORALVILLE,52241.0,POINT(-91.599549 41.68363),52,JOHNSON,1012100.0,CANADIAN WHISKIES,260.0,DIAGEO AMERICAS,10788,CROWN ROYAL VANILLA MINI,10,50,7.35,11.03,1,11.03,0.05,0.01
INV-84902800002,2025-07-28,5205,GLIDDEN GROCERY,201 IDAHO ST,GLIDDEN,51443.0,POINT(-94.72891 42.05687),,CARROLL,1012100,CANADIAN WHISKIES,260,DIAGEO AMERICAS,10788,CROWN ROYAL VANILLA MINI,10,50,5.76,8.64,1,8.64,0.05,0.01
INV-67691700003,2024-02-26,2508,HY-VEE FOOD STORE #1 (1054) / CEDAR RAPIDS,"1843 JOHNSON AVENUE, N.W.",CEDAR RAPIDS,52405,POINT(-91.698432542 41.973867687),,LINN,1012100.0,CANADIAN WHISKIES,260,DIAGEO AMERICAS,10788,CROWN ROYAL VANILLA MINI,10,50,5.91,8.87,1,14.93,0.05,0.01
INV-87501100003,2025-10-10,6209,HY-VEE / GRIMES,351 NORTHEAST GATEWAY DRIVE,GRIMES,50111.0,POINT(-93.77731 41.69032),,POLK,1012100,CANADIAN WHISKIES,260,DIAGEO AMERICAS,10788,CROWN ROYAL VANILLA MINI,10,50,5.76,8.64,1,8.64,0.05,0.01
INV-64302100005,2023-11-15,2501,HY-VEE  #2 (1018) / AMES,640 LINCOLNWAY,AMES,50010,POINT(-93.619668015 42.020044011),,STORY,1012100.0,CANADIAN WHISKIES,260,DIAGEO AMERICAS,10788,CROWN ROYAL VANILLA MINI,10,50,9.95,14.93,1,14.93,0.05,0.01
INV-52696000008,2022-11-02,2565,HY-VEE FOOD STORE #1636 / SPENCER,819 N GRAND AVE,SPENCER,51301.0,POINT(-95.14509 43.14635),,CLAY,1012100,CANADIAN WHISKIES,260,DIAGEO AMERICAS,10788,CROWN ROYAL VANILLA MINI,10,50,9.95,14.93,1,14.93,0.05,0.01
INV-60244400004,2023-07-12,3704,CELTICS BEVERAGE COMPANY,1122 BROADWAY,EMMETSBURG,50536,POINT(-94.678801501 43.109888066),,PALO ALTO,1012100.0,CANADIAN WHISKIES,260,DIAGEO AMERICAS,10803,CROWN ROYAL REGAL APPLE MINI,10,50,9.95,14.93,1,14.93,0.05,0.01
INV-52916800173,2022-11-10,2594,HY-VEE FOOD STORE / SIOUX CITY,4500 SERGEANT ROAD,SIOUX CITY,51106.0,POINT(-96.34718 42.44756),,WOODBURY,1012100,CANADIAN WHISKIES,260,DIAGEO AMERICAS,10803,CROWN ROYAL REGAL APPLE MINI,10,50,9.95,14.93,1,14.93,0.05,0.01
INV-90603700001,2026-01-09,10303,DECORAH MART / DECORAH,303 COLLEGE DRIVE,DECORAH,52101.0,POINT(-91.79695 43.30755),,WINNESHIEK,1012100,CANADIAN WHISKIES,260,DIAGEO AMERICAS,10803,CROWN ROYAL REGAL APPLE MINI,10,50,5.76,8.64,1,8.64,0.05,0.01
INV-33760800034,2021-01-25,5846,ROCKINGHAM LIQUOR - DAVENPORT,2423 ROCKINGHAM ROAD,DAVENPORT,52802.0,POINT(-90.613625 41.514051),82,SCOTT,1012100.0,CANADIAN WHISKIES,260.0,DIAGEO AMERICAS,10803,CROWN ROYAL REGAL APPLE MINI,10,50,7.35,11.03,1,11.03,0.05,0.01
INV-63499100024,2023-10-20,6300,SOUTHGATE WINE & SPIRITS / AMES,110 AIRPORT ROAD,AMES,50010,POINT(-93.610765009 42.000515015),,STORY,1012100.0,CANADIAN WHISKIES,260,DIAGEO AMERICAS,10803,CROWN ROYAL REGAL APPLE MINI,10,50,9.95,14.93,1,14.93,0.05,0.01
INV-39712500005,2021-08-31,5511,THE DEPOT NORTH LIBERTY,1290 S DUBUQUE ST,NORTH LIBERTY,52317.0,,52,JOHNSON,1012100.0,CANADIAN WHISKIES,260,DIAGEO AMERICAS,10803,CROWN ROYAL REGAL APPLE MINI,10,50,7.35,11.03,1,11.03,0.05,0.01
INV-52152700028,2022-10-17,4566,KUM & GO #508 / CEDAR RAPIDS,30 FOUR OAKS DR SW,CEDAR RAPIDS,52404,POINT(-91.658073 41.923446),,LINN,1012100.0,CANADIAN WHISKIES,260,DIAGEO AMERICAS,10803,CROWN ROYAL REGAL APPLE MINI,10,50,9.95,14.93,1,14.93,0.05,0.01
INV-23040300019,2019-11-05,5001,THE MUSIC STATION / INDEPENDENCE,709 FIRST ST W,INDEPENDENCE,50644,POINT(-91.901687 42.468633),10,BUCHANAN,1012100.0,CANADIAN WHISKIES,260.0,DIAGEO AMERICAS,10803,CROWN ROYAL REGAL APPLE MINI,10,50,7.35,11.03,1,11.03,0.05,0.01
INV-21044800022,2019-08-05,5292,JOHN'S QWIK STOP,"814, C AVE",VINTON,52349,POINT(-92.027865 42.163119),6,BENTON,1012100.0,CANADIAN WHISKIES,260.0,DIAGEO AMERICAS,10803,CROWN ROYAL REGAL APPLE MINI,10,50,7.35,11.03,1,11.03,0.05,0.01
INV-60411500003,2023-07-18,2637,HY-VEE #5 / DAVENPORT,2351 W LOCUST,DAVENPORT,52804,POINT(-90.612322963 41.536627007),,SCOTT,1012100.0,CANADIAN WHISKIES,260,DIAGEO AMERICAS,10803,CROWN ROYAL REGAL APPLE MINI,10,50,9.95,14.93,1,14.93,0.05,0.01
INV-25924500027,2020-03-16,5292,JOHN'S QWIK STOP,"814, C AVE",VINTON,52349,POINT(-92.027865 42.163119),6,BENTON,1012100.0,CANADIAN WHISKIES,260,DIAGEO AMERICAS,10803,CROWN ROYAL REGAL APPLE MINI,10,50,7.35,11.03,1,11.03,0.05,0.01
INV-67992400002,2024-03-06,2545,HY-VEE DRUGSTORE (7042) / IOWA CITY,310 N 1ST ST,IOWA CITY,52245,POINT(-91.50132136 41.666082652),,JOHNSON,1012100.0,CANADIAN WHISKIES,260,DIAGEO AMERICAS,10803,CROWN ROYAL REGAL APPLE MINI,10,50,5.91,8.87,1,8.87,0.05,0.01
INV-58186900003,2023-05-05,5726,EHLINGER'S VINTON EXPRESS,310 K AVENUE SOUTH,VINTON,52349,POINT(-92.0368559899999 42.168239999),,BENTON,1012100.0,CANADIAN WHISKIES,260,DIAGEO AMERICAS,10803,CROWN ROYAL REGAL APPLE MINI,10,50,9.95,14.93,1,14.93,0.05,0.01
INV-26766000094,2020-04-23,2675,HY-VEE #2 / CORALVILLE,3285 CROSSPARK RD,CORALVILLE,52241,POINT(-91.606271 41.721438),52,JOHNSON,1012100.0,CANADIAN WHISKIES,260,DIAGEO AMERICAS,10803,CROWN ROYAL REGAL APPLE MINI,10,50,7.35,11.03,1,11.03,0.05,0.01
INV-38905400081,2021-08-03,5423,STAMMER LIQUOR CORP,615 2ND AVE,SHELDON,51201.0,POINT(-95.854899 43.184242),71,O'BRIEN,1012100.0,CANADIAN WHISKIES,260,DIAGEO AMERICAS,10803,CROWN ROYAL REGAL APPLE MINI,10,50,7.35,11.03,1,11.03,0.05,0.01
INV-85606400001,2025-08-19,5347,MAVERIK #5287 / 50TH WDM,220 50TH ST,WEST DES MOINES,50265.0,POINT(-93.77128 41.57223),,POLK,1012100,CANADIAN WHISKIES,260,DIAGEO AMERICAS,10803,CROWN ROYAL REGAL APPLE MINI,10,50,5.76,8.64,1,8.64,0.05,0.01
INV-55296000015,2023-01-25,4872,CASEY'S GENERAL STORE #2644 / EARLHAM,975 N CHESTNUT AVE,EARLHAM,50072,POINT(-94.1234 41.5023),,MADISON,1012100.0,CANADIAN WHISKIES,260,DIAGEO AMERICAS,10803,CROWN ROYAL REGAL APPLE MINI,10,50,9.95,14.93,1,14.93,0.05,0.01
INV-59305400002,2023-06-12,2576,HY-VEE WINE AND SPIRITS / STORM LAKE,1250 N LAKE ST,STORM LAKE,50588,POINT(-95.200872175 42.653411783),,BUENA VISTA,1012100.0,CANADIAN WHISKIES,260,DIAGEO AMERICAS,10803,CROWN ROYAL REGAL APPLE MINI,10,50,9.95,14.93,1,14.93,0.05,0.01
INV-86170000002,2025-09-03,5567,KUM & GO #3504 / IOWA CITY,1310 S GILBERT ST,IOWA CITY,52240.0,POINT(-91.53203 41.64614),,JOHNSON,1012100,CANADIAN WHISKIES,260,DIAGEO AMERICAS,10803,CROWN ROYAL REGAL APPLE MINI,10,50,5.76,8.64,1,8.64,0.05,0.01
INV-37744200006,2021-06-23,5565,CASEY'S GENERAL STORE #2689 / ANKENY,1310 NW 18TH ST,ANKENY,50023.0,POINT(-93.616799 41.746362),77,POLK,1012100.0,CANADIAN WHISKIES,260,DIAGEO AMERICAS,10803,CROWN ROYAL REGAL APPLE MINI,10,50,7.35,11.03,1,11.03,0.05,0.01
INV-37689000009,2021-06-21,2709,HY-VEE FAST AND FRESH - DUBUQUE,2435 NW ARTERIAL,DUBUQUE,52002.0,POINT(-90.74105 42.517531),31,DUBUQUE,1012100.0,CANADIAN WHISKIES,260,DIAGEO AMERICAS,10803,CROWN ROYAL REGAL APPLE MINI,10,50,7.35,11.03,1,11.03,0.05,0.01
INV-59141000002,2023-06-06,10193,BEER ON FLOYD / SIOUX CITY,3132 FLOYD BLVD,SIOUX CITY,51108,POINT(-96.370863265 42.5332506070001),,WOODBURY,1012100.0,CANADIAN WHISKIES,260,DIAGEO AMERICAS,10803,CROWN ROYAL REGAL APPLE MINI,10,50,9.95,14.93,1,14.93,0.05,0.01
INV-39458200019,2021-08-23,6000,PORTERS CONVENIENCE 66 / CLINTON,1512 LINCOLN WAY,CLINTON,52732.0,POINT(-90.221831 41.817449),23,CLINTON,1012100.0,CANADIAN WHISKIES,260,DIAGEO AMERICAS,10803,CROWN ROYAL REGAL APPLE MINI,10,50,7.35,11.03,1,11.03,0.05,0.01
INV-58595200002,2023-05-19,6045,KUM & GO #3156 / CLIVE,15590 HICKMAN RD,CLIVE,50325,POINT(-93.83279802 41.614256004),,POLK,1012100.0,CANADIAN WHISKIES,260,DIAGEO AMERICAS,10803,CROWN ROYAL REGAL APPLE MINI,10,50,9.95,14.93,1,14.93,0.05,0.01
INV-79394700001,2025-02-06,4446,QUIK TRIP #513 / URBANDALE,4600 MERLE HAY ROAD,URBANDALE,50322,POINT(-93.69837 41.64435),,POLK,1012100.0,CANADIAN WHISKIES,260,DIAGEO AMERICAS,10803,CROWN ROYAL REGAL APPLE MINI,10,50,5.76,8.64,1,8.64,0.05,0.01
INV-54913800005,2023-01-13,5545,CASEY'S GENERAL STORE #91 / DALLAS CENTER,1202 SUGAR GROVE AVE,DALLAS CENTER,50063,POINT(-93.95895 41.68824),,DALLAS,1012100.0,CANADIAN WHISKIES,260,DIAGEO AMERICAS,10803,CROWN ROYAL REGAL APPLE MINI,10,50,9.95,14.93,1,14.93,0.05,0.01
INV-37863300050,2021-06-28,4158,FAREWAY STORES #409 / CARROLL,709 MONTEREY DR,CARROLL,51401.0,POINT(-94.850616 42.065252),14,CARROLL,1012100.0,CANADIAN WHISKIES,260,DIAGEO AMERICAS,10803,CROWN ROYAL REGAL APPLE MINI,10,50,7.35,11.03,1,11.03,0.05,0.01
INV-36892000019,2021-05-24,5156,CASEY'S GENERAL STORE #1020  / LE CL,"210, JONES ST",LE CLAIRE,52753.0,POINT(-90.345923 41.598593),82,SCOTT,1012100.0,CANADIAN WHISKIES,260,DIAGEO AMERICAS,10803,CROWN ROYAL REGAL APPLE MINI,10,50,7.35,11.03,1,11.03,0.05,0.01
INV-36661200093,2021-05-14,3818,ROUND WINDOW LIQUOR,703 W PLEASANT ST,KNOXVILLE,50138.0,POINT(-93.105641 41.320746),63,MARION,1012100.0,CANADIAN WHISKIES,260.0,DIAGEO AMERICAS,10803,CROWN ROYAL REGAL APPLE MINI,10,50,7.35,11.03,1,11.03,0.05,0.01
INV-37885500058,2021-06-28,2662,HY-VEE WINE & SPIRITS / MUSCATINE,"522 MULBERRY, SUITE A",MUSCATINE,52761.0,POINT(-91.04437 41.426615),70,MUSCATINE,1012100.0,CANADIAN WHISKIES,260,DIAGEO AMERICAS,10803,CROWN ROYAL REGAL APPLE MINI,10,50,7.35,11.03,1,11.03,0.05,0.01
INV-71877700002,2024-07-04,5550,CASEY'S GENERAL STORE #2764 / HIAWATHA,780 N CENTER POINT RD,HIAWATHA,52233,POINT(-91.682420006 42.045901009),,LINN,1012100.0,CANADIAN WHISKIES,260,DIAGEO AMERICAS,10803,CROWN ROYAL REGAL APPLE MINI,10,50,5.91,8.87,1,8.87,0.05,0.01
INV-59519700001,2023-06-19,5138,KELLOGG COUNTRY STORE,"103, BLAIR ST",KELLOGG,50135,POINT(-92.903120989 41.714747982),,JASPER,1012100.0,CANADIAN WHISKIES,260,DIAGEO AMERICAS,10803,CROWN ROYAL REGAL APPLE MINI,10,50,9.95,14.93,1,14.93,0.05,0.01
INV-56148700029,2023-02-24,4448,KUM & GO #572 / URBANDALE,4860 NW URBANDALE DR,URBANDALE,50322.0,POINT(-93.77088 41.64656),,POLK,1012100,CANADIAN WHISKIES,260,DIAGEO AMERICAS,10803,CROWN ROYAL REGAL APPLE MINI,10,50,9.95,14.93,1,14.93,0.05,0.01
INV-23114200081,2019-11-08,2506,HY-VEE #1044 / BURLINGTON,3140 AGENCY,BURLINGTON,52601,POINT(-91.136655 40.814666),29,DES MOINES,1012100.0,CANADIAN WHISKIES,260.0,DIAGEO AMERICAS,10803,CROWN ROYAL REGAL APPLE MINI,10,50,7.35,11.03,1,11.03,0.05,0.01
INV-74071900003,2024-09-09,10475,KWIK STAR #1184 / DUBUQUE,1180 KERPER COURT,DUBUQUE,52001.0,POINT(-90.65563 42.51511),,DUBUQUE,1012100,CANADIAN WHISKIES,260,DIAGEO AMERICAS,10803,CROWN ROYAL REGAL APPLE MINI,10,50,5.76,8.64,1,8.64,0.05,0.01
INV-51616000004,2022-09-28,4397,QUIK TRIP #514 / ANKENY,802 E 1ST ST,ANKENY,50021,POINT(-93.586342 41.731862),,POLK,1012100.0,CANADIAN WHISKIES,260,DIAGEO AMERICAS,10803,CROWN ROYAL REGAL APPLE MINI,10,50,9.95,14.93,1,14.93,0.05,0.01
INV-27314900013,2020-05-18,2576,HY-VEE WINE AND SPIRITS / STORM LAKE,1250 N LAKE ST,STORM LAKE,50588,POINT(-95.200758 42.653184),11,BUENA VISTA,1012100.0,CANADIAN WHISKIES,260,DIAGEO AMERICAS,10803,CROWN ROYAL REGAL APPLE MINI,10,50,7.35,11.03,1,11.03,0.05,0.01
INV-70155500001,2024-05-14,6069,BIG 10 MART #12 / DUBUQUE,405 RHOMBERG,DUBUQUE,52001,POINT(-90.666346005 42.512802017),,DUBUQUE,1012100.0,CANADIAN WHISKIES,260,DIAGEO AMERICAS,10803,CROWN ROYAL REGAL APPLE MINI,10,50,5.91,8.87,1,8.87,0.05,0.01
INV-70113700002,2024-05-13,10300,ESSENTIALS / CEDAR RAPIDS,1500 1ST AVENUE NE,CEDAR RAPIDS,52402,POINT(-91.652354957 41.988484595),,LINN,1012100.0,CANADIAN WHISKIES,260,DIAGEO AMERICAS,10803,CROWN ROYAL REGAL APPLE MINI,10,50,5.91,8.87,1,8.87,0.05,0.01
INV-68353500005,2024-03-18,4070,GRIEDER BEVERAGE DEPOT,708  13TH ST,BELLE PLAINE,52208,POINT(-92.277218966 41.897301014),,BENTON,1012100.0,CANADIAN WHISKIES,260,DIAGEO AMERICAS,10803,CROWN ROYAL REGAL APPLE MINI,10,50,5.91,8.87,1,8.87,0.05,0.01
INV-67478400002,2024-02-20,4138,FAREWAY STORES #657 / INDIANOLA,1309 W 2ND,INDIANOLA,50125,POINT(-93.579486009 41.355785016),,WARREN,1012100.0,CANADIAN WHISKIES,260,DIAGEO AMERICAS,10803,CROWN ROYAL REGAL APPLE MINI,10,50,5.91,8.87,1,14.93,0.05,0.01
INV-68480500003,2024-03-21,2594,HY-VEE FOOD STORE / SIOUX CITY,4500 SERGEANT ROAD,SIOUX CITY,51106,POINT(-96.347773986 42.445884004),,WOODBURY,1012100.0,CANADIAN WHISKIES,260,DIAGEO AMERICAS,10803,CROWN ROYAL REGAL APPLE MINI,10,50,5.91,8.87,1,8.87,0.05,0.01
INV-39796800001,2021-09-03,4402,KUM & GO #80 / RIVERSIDE,1178 ENTERPRISE DR,RIVERSIDE,52327,POINT(-91.555044 41.486572),92,WASHINGTON,1012100.0,CANADIAN WHISKIES,260,DIAGEO AMERICAS,10803,CROWN ROYAL REGAL APPLE MINI,10,50,7.35,11.03,1,11.03,0.05,0.01
INV-83538500001,2025-06-13,4417,KUM & GO #76 / ADAIR,109 S 5TH ST,ADAIR,50002.0,POINT(-94.64347 41.49575),,ADAIR,1012100,CANADIAN WHISKIES,260,DIAGEO AMERICAS,10803,CROWN ROYAL REGAL APPLE MINI,10,50,5.76,8.64,1,8.64,0.05,0.01
INV-27287800009,2020-05-15,5373,SODES GREEN ACRE,7 GOETHE STREET STE. B,GUTTENBERG,52052,POINT(-91.095813 42.782907),22,CLAYTON,1012100.0,CANADIAN WHISKIES,260,DIAGEO AMERICAS,10803,CROWN ROYAL REGAL APPLE MINI,10,50,7.35,11.03,1,11.03,0.05,0.01
INV-28113200023,2020-06-19,5338,KUM & GO #539/ NW 2ND AVE,5050 NW 2ND AVE,DES MOINES,50313.0,,77,POLK,1012100.0,CANADIAN WHISKIES,260.0,DIAGEO AMERICAS,10803,CROWN ROYAL REGAL APPLE MINI,10,50,7.35,11.03,1,11.03,0.05,0.01
INV-32552900079,2020-12-09,2642,HY-VEE WINE AND SPIRITS / PELLA,512 E OSKALOOSA,PELLA,50219.0,POINT(-92.899277 41.396961),63,MARION,1012100.0,CANADIAN WHISKIES,434.0,LUXCO INC,10932,HAWKEYE CANADIAN WHISKY MINI,12,50,4.0,6.0,1,6.0,0.05,0.01
INV-28398400036,2020-06-30,4194,FAREWAY STORES #848 / NEWTON,120 N 3RD AVE E,NEWTON,50208.0,POINT(-93.052657 41.701453),50,JASPER,1012100.0,CANADIAN WHISKIES,434.0,LUXCO INC,10932,HAWKEYE CANADIAN WHISKY MINI,12,50,4.0,6.0,1,6.0,0.05,0.01
INV-82331700005,2025-05-07,4993,SITE FOOD MART,"1301, MAIN ST",KEOKUK,52632.0,POINT(-91.39004 40.40224),,LEE,1012100,CANADIAN WHISKIES,260,DIAGEO AMERICAS,11290,CROWN ROYAL MINI,10,50,5.76,8.64,1,8.64,0.05,0.01
INV-53032900003,2022-11-15,6245,NEIGHBORHOOD LIQUOR HOUSE / ANKENY,"833 EAST 1ST STREET, SUITE 102",ANKENY,50021.0,POINT(-93.58545 41.73189),,POLK,1012100,CANADIAN WHISKIES,260,DIAGEO AMERICAS,11290,CROWN ROYAL MINI,10,50,9.95,14.93,1,14.93,0.05,0.01
INV-26352600016,2020-04-07,5001,THE MUSIC STATION / INDEPENDENCE,709 FIRST ST W,INDEPENDENCE,50644,POINT(-91.901687 42.468633),10,BUCHANAN,1012100.0,CANADIAN WHISKIES,260,DIAGEO AMERICAS,11290,CROWN ROYAL MINI,10,50,7.35,11.03,1,11.03,0.05,0.01
INV-39590300030,2021-08-27,5465,KUM & GO #1215 / AMES,4506 LINCOLN WAY,AMES,50010,,85,STORY,1012100.0,CANADIAN WHISKIES,260,DIAGEO AMERICAS,11290,CROWN ROYAL MINI,10,50,7.35,11.03,1,11.03,0.05,0.01
INV-53352100010,2022-11-23,6047,CORNER STOP / WASHINGTON,100 E MADISON ST,WASHINGTON,52353.0,POINT(-91.69136 41.29644),,WASHINGTON,1012100,CANADIAN WHISKIES,260,DIAGEO AMERICAS,11290,CROWN ROYAL MINI,10,50,9.95,14.93,1,14.93,0.05,0.01
INV-82372700001,2025-05-08,5057,KUM & GO #535 / DES MOINES,4960 E BROADWAY AVE,DES MOINES,50317.0,POINT(-93.5148 41.64486),,POLK,1012100,CANADIAN WHISKIES,260,DIAGEO AMERICAS,11290,CROWN ROYAL MINI,10,50,5.76,8.64,1,8.64,0.05,0.01
INV-76406900005,2024-11-13,6029,CASEY'S GENERAL STORE #50 / MOVILLE,4 S 1ST ST,MOVILLE,51039.0,POINT(-96.0751 42.48849),,WOODBURY,1012100,CANADIAN WHISKIES,260,DIAGEO AMERICAS,11290,CROWN ROYAL MINI,10,50,5.76,8.64,1,8.64,0.05,0.01
INV-35643100018,2021-04-08,5489,CASEY'S GENERAL STORE #1550 / WINFIELD,201 N LOCUST,WINFIELD,52659.0,POINT(-91.43791 41.129927),44,HENRY,1012100.0,CANADIAN WHISKIES,260.0,DIAGEO AMERICAS,11290,CROWN ROYAL MINI,10,50,7.35,11.03,1,11.03,0.05,0.01
INV-86009400005,2025-08-28,6116,KWIK SPIRITS #561 / CEDAR FALLS,4116 UNIVERSITY AVE  STE 104-105,CEDAR FALLS,50613.0,POINT(-92.40685 42.50582),,BLACK HAWK,1012100,CANADIAN WHISKIES,260,DIAGEO AMERICAS,11290,CROWN ROYAL MINI,10,50,5.76,8.64,1,8.64,0.05,0.01
INV-22995400007,2019-11-04,5211,KUM & GO #129  /  JOHNSTON,5225 NW  86TH  ST,JOHNSTON,50131,POINT(-93.736395 41.655804),77,POLK,1012100.0,CANADIAN WHISKIES,260.0,DIAGEO AMERICAS,11290,CROWN ROYAL MINI,10,50,7.35,11.03,1,11.03,0.05,0.01
INV-91435400005,2026-02-05,5685,FAREWAY STORES #190 / CEDAR FALLS,4500 S MAIN ST,CEDAR FALLS,50613.0,POINT(-92.44589 42.49769),,BLACK HAWK,1012100,CANADIAN WHISKIES,260,DIAGEO AMERICAS,11290,CROWN ROYAL MINI,10,50,5.76,8.64,1,8.64,0.05,0.01
INV-23033900001,2019-11-05,4285,FAREWAY STORES #922 / NEW HAMPTON,102 S WATER AVE,NEW HAMPTON,50659,POINT(-92.312904 43.058019),19,CHICKASAW,1012100.0,CANADIAN WHISKIES,260.0,DIAGEO AMERICAS,11290,CROWN ROYAL MINI,10,50,7.35,11.03,1,11.03,0.05,0.01
INV-26710000008,2020-04-21,4000,FOODLAND SUPER MARKETS / WOODBINE,62 5TH ST,WOODBINE,51579,POINT(-95.702814 41.737038),43,HARRISON,1012100.0,CANADIAN WHISKIES,260,DIAGEO AMERICAS,11290,CROWN ROYAL MINI,10,50,7.35,11.03,1,11.03,0.05,0.01
INV-26730300089,2020-04-22,2605,HY-VEE DRUGSTORE #5 / CEDAR RAPIDS,2001 BLAIRS FERRY ROAD NE,CEDAR RAPIDS,52402,POINT(-91.668909 42.034799),57,LINN,1012100.0,CANADIAN WHISKIES,260,DIAGEO AMERICAS,11290,CROWN ROYAL MINI,10,50,7.35,11.03,1,11.03,0.05,0.01
INV-85690600007,2025-08-20,4129,CYCLONE LIQUORS,626 LINCOLN WAY,AMES,50010.0,POINT(-93.61907 42.0229),,STORY,1012100,CANADIAN WHISKIES,260,DIAGEO AMERICAS,11290,CROWN ROYAL MINI,10,50,5.76,8.64,1,8.64,0.05,0.01
INV-61580300004,2023-08-24,4368,KUM & GO #570 / JOHNSTON,5800 NORTHGLEN DR,JOHNSTON,50131,POINT(-93.69817401 41.682342999),,POLK,1012100.0,CANADIAN WHISKIES,260,DIAGEO AMERICAS,11290,CROWN ROYAL MINI,10,50,9.95,14.93,1,14.93,0.05,0.01
INV-22920300024,2019-10-30,3695,MRS. B'S LIQUOR,623 S MARION ST,REMSEN,51050,POINT(-95.977022 42.808951),75,PLYMOUTH,1012100.0,CANADIAN WHISKIES,260.0,DIAGEO AMERICAS,11290,CROWN ROYAL MINI,10,50,7.35,11.03,1,11.03,0.05,0.01
INV-69498400004,2024-04-23,5567,KUM & GO #3504 / IOWA CITY,1310 S GILBERT ST,IOWA CITY,52240,POINT(-91.5317185 41.646137746),,JOHNSON,1012100.0,CANADIAN WHISKIES,260,DIAGEO AMERICAS,11290,CROWN ROYAL MINI,10,50,5.91,8.87,1,8.87,0.05,0.01
INV-41371300004,2021-10-26,5669,GUDDI MART / WATERLOO,306 BYRON AVE,WATERLOO,50702.0,POINT(-92.353141 42.480288),7,BLACK HAWK,1012100.0,CANADIAN WHISKIES,260,DIAGEO AMERICAS,11290,CROWN ROYAL MINI,10,50,7.35,11.03,1,11.03,0.05,0.01
INV-24402800017,2020-01-07,4434,TODD'S,209 S UNION ST,ROCK RAPIDS,51246,POINT(-96.175502 43.430056),60,LYON,1012100.0,CANADIAN WHISKIES,260,DIAGEO AMERICAS,11290,CROWN ROYAL MINI,10,50,7.35,11.03,1,11.03,0.05,0.01
INV-30187700018,2020-09-14,4594,QUIK TRIP #554 / SW 63RD DM,901 SW 63RD ST,DES MOINES,50312.0,POINT(-93.703165 41.569715),77,POLK,1012100.0,CANADIAN WHISKIES,260.0,DIAGEO AMERICAS,11290,CROWN ROYAL MINI,10,50,7.35,11.03,1,11.03,0.05,0.01
INV-35525300002,2021-04-02,2618,HY-VEE DRUGSTORE #6 / CEDAR RAPIDS,505 BOYSON RD NE,CEDAR RAPIDS,52402.0,POINT(-91.63913 42.04671),57,LINN,1012100.0,CANADIAN WHISKIES,260.0,DIAGEO AMERICAS,11290,CROWN ROYAL MINI,10,50,7.35,11.03,1,11.03,0.05,0.01
INV-21004300015,2019-08-02,4898,BURLINGTON SHELL,130 S ROOSEVELT AVE,BURLINGTON,52601,POINT(-91.140986 40.808239),29,DES MOINES,1012100.0,CANADIAN WHISKIES,260.0,DIAGEO AMERICAS,11290,CROWN ROYAL MINI,10,50,7.35,11.03,1,11.03,0.05,0.01
INV-26140400014,2020-03-26,4353,KUM & GO #302 / CLEAR LAKE,2905 FOURTH AVE,CLEAR LAKE,50248,POINT(-93.652428 41.475689),17,CERRO GORDO,1012100.0,CANADIAN WHISKIES,260,DIAGEO AMERICAS,11290,CROWN ROYAL MINI,10,50,7.35,11.03,1,11.03,0.05,0.01
INV-26688100001,2020-04-20,2554,HY-VEE FOOD STORE / DAVENPORT,3019 ROCKINGHAM ROAD,DAVENPORT,52802,POINT(-90.620725 41.510523),82,SCOTT,1012100.0,CANADIAN WHISKIES,260,DIAGEO AMERICAS,11290,CROWN ROYAL MINI,10,50,7.35,11.03,1,11.03,0.05,0.01
INV-55395100025,2023-01-30,4158,FAREWAY STORES #409 / CARROLL,709 MONTEREY DR,CARROLL,51401,POINT(-94.85063 42.06565),,CARROLL,1012100.0,CANADIAN WHISKIES,260,DIAGEO AMERICAS,11290,CROWN ROYAL MINI,10,50,9.95,14.93,1,14.93,0.05,0.01
INV-73731300010,2024-08-29,2594,HY-VEE FOOD STORE / SIOUX CITY,4500 SERGEANT ROAD,SIOUX CITY,51106.0,POINT(-96.347773986 42.445884004),,WOODBURY,1012100,CANADIAN WHISKIES,260,DIAGEO AMERICAS,11290,CROWN ROYAL MINI,10,50,5.76,8.64,1,8.87,0.05,0.01
INV-66383600002,2024-01-17,10061,BIG 10 MART #19 / HIAWATHA,1225 BOYSON ROAD,HIAWATHA,52233,POINT(-91.689646967 42.043596991),,LINN,1012100.0,CANADIAN WHISKIES,260,DIAGEO AMERICAS,11290,CROWN ROYAL MINI,10,50,9.95,14.93,1,14.93,0.05,0.01
INV-30204100078,2020-09-14,2465,SID'S BEVERAGE SHOP,2727 DODGE ST,DUBUQUE,52003.0,POINT(-90.705328 42.491862),31,DUBUQUE,1012100.0,CANADIAN WHISKIES,260.0,DIAGEO AMERICAS,11290,CROWN ROYAL MINI,10,50,7.35,11.03,1,11.03,0.05,0.01
INV-36841100031,2021-05-21,4622,QUIK TRIP #544 / SE 14TH DM,"3941, SE 14TH ST",DES MOINES,50320.0,POINT(-93.596748 41.548497),77,POLK,1012100.0,CANADIAN WHISKIES,260,DIAGEO AMERICAS,11290,CROWN ROYAL MINI,10,50,7.35,11.03,1,11.03,0.05,0.01
INV-81580500008,2025-04-14,10525,BIG 10 MART #22 / DAVENPORT,20919 NORTH BRADY STREET,DAVENPORT,52806.0,POINT(-90.56885 41.60995),,SCOTT,1012100,CANADIAN WHISKIES,260,DIAGEO AMERICAS,11290,CROWN ROYAL MINI,10,50,5.76,8.64,1,8.64,0.05,0.01
INV-34336900023,2021-02-16,5643,CONOCO / LE GRAND,806 W MAIN ST,LE GRAND,50142.0,POINT(-92.784654 42.006665),64,MARSHALL,1012100.0,CANADIAN WHISKIES,260.0,DIAGEO AMERICAS,11290,CROWN ROYAL MINI,10,50,7.35,11.03,1,11.03,0.05,0.01
INV-57423400002,2023-04-11,4395,KUM & GO #133 / ELLSWORTH,1111 IA HIGHWAY 175,ELLSWORTH,50075,POINT(-93.572579992 42.309575985),,HAMILTON,1012100.0,CANADIAN WHISKIES,260,DIAGEO AMERICAS,11290,CROWN ROYAL MINI,10,50,9.95,14.93,1,14.93,0.05,0.01
INV-82480600006,2025-05-13,3723,J D SPIRITS LIQUOR,1023  9TH ST,ONAWA,51040.0,POINT(-96.09589 42.02584),,MONONA,1012100,CANADIAN WHISKIES,260,DIAGEO AMERICAS,11290,CROWN ROYAL MINI,10,50,5.76,8.64,1,8.64,0.05,0.01
INV-68153600002,2024-03-12,10118,TIGER MART / TIPTON,51 CEDAR ST.,TIPTON,52772,POINT(-91.128892028 41.764995019),,CEDAR,1012100.0,CANADIAN WHISKIES,260,DIAGEO AMERICAS,11290,CROWN ROYAL MINI,10,50,5.91,8.87,1,8.87,0.05,0.01
INV-36088500019,2021-04-23,4474,BUCKY'S EXPRESS #34 / COUNCIL BLUFFS,3501 W BROADWAY ST,COUNCIL BLUFFS,51501.0,POINT(-95.902733 41.261916),78,POTTAWATTAMIE,1012100.0,CANADIAN WHISKIES,260,DIAGEO AMERICAS,11290,CROWN ROYAL MINI,10,50,7.35,11.03,1,11.03,0.05,0.01
INV-34501100009,2021-02-22,5147,VICTOR'S MARKET,1001 3RD  ST,VICTOR,52347.0,POINT(-92.301206 41.730666),79,POWESHIEK,1012100.0,CANADIAN WHISKIES,260.0,DIAGEO AMERICAS,11290,CROWN ROYAL MINI,10,50,7.35,11.03,1,11.03,0.05,0.01
INV-59747900006,2023-06-27,6069,BIG 10 MART #12 / DUBUQUE,405 RHOMBERG,DUBUQUE,52001,POINT(-90.666346005 42.512802017),,DUBUQUE,1012100.0,CANADIAN WHISKIES,260,DIAGEO AMERICAS,11290,CROWN ROYAL MINI,10,50,9.95,14.93,1,14.93,0.05,0.01
INV-65554800003,2023-12-21,5211,KUM & GO #129  /  JOHNSTON,5225 NW  86TH  ST,JOHNSTON,50131,POINT(-93.735873966 41.655848013),,POLK,1012100.0,CANADIAN WHISKIES,260,DIAGEO AMERICAS,11290,CROWN ROYAL MINI,10,50,9.95,14.93,1,14.93,0.05,0.01
INV-32363500044,2020-12-01,5882,HOMETOWN FOODS / STATE CENTER,120 E MAIN ST,STATE CENTER,50247.0,POINT(-94.363119 41.691752),64,MARSHALL,1012100.0,CANADIAN WHISKIES,260.0,DIAGEO AMERICAS,11290,CROWN ROYAL MINI,10,50,7.35,11.03,1,11.03,0.05,0.01
INV-27164200024,2020-05-11,5726,EHLINGER'S VINTON EXPRESS,310 K AVENUE SOUTH,VINTON,52349,POINT(-92.037532 42.168297),6,BENTON,1012100.0,CANADIAN WHISKIES,260,DIAGEO AMERICAS,11290,CROWN ROYAL MINI,10,50,7.35,11.03,1,11.03,0.05,0.01
INV-71289100002,2024-06-17,4970,JEFF'S MARKET / WEST LIBERTY,"200, E 3RD ST",WEST LIBERTY,52776,POINT(-91.261560959 41.569567007),,MUSCATINE,1012100.0,CANADIAN WHISKIES,260,DIAGEO AMERICAS,11290,CROWN ROYAL MINI,10,50,5.91,8.87,1,8.87,0.05,0.01
INV-61883400005,2023-09-05,4467,KUM & GO #438 / MUSCATINE,1429 PARK AVE,MUSCATINE,52761,POINT(-91.030150024 41.441734015),,MUSCATINE,1012100.0,CANADIAN WHISKIES,260,DIAGEO AMERICAS,11290,CROWN ROYAL MINI,10,50,9.95,14.93,1,14.93,0.05,0.01
INV-61788300004,2023-08-31,5762,CASEY'S GENERAL STORE #1329 / ESTHERVILLE,8 CENTRAL AVE,ESTHERVILLE,51334,POINT(-94.843564012 43.401673009),,EMMET,1012100.0,CANADIAN WHISKIES,260,DIAGEO AMERICAS,11290,CROWN ROYAL MINI,10,50,9.95,14.93,1,14.93,0.05,0.01
INV-27905300012,2020-06-11,5460,SMOKIN JOE'S # 6 TOBACCO AND LIQUOR OUTLET,2411 2ND ST STE 4,CORALVILLE,52241.0,POINT(-91.599549 41.68363),52,JOHNSON,1012100.0,CANADIAN WHISKIES,260.0,DIAGEO AMERICAS,11290,CROWN ROYAL MINI,10,50,7.35,11.03,1,11.03,0.05,0.01
INV-68575100015,2024-03-25,2576,HY-VEE WINE AND SPIRITS / STORM LAKE,1250 N LAKE ST,STORM LAKE,50588,POINT(-95.20329803 42.653299017),,BUENA VISTA,1012100.0,CANADIAN WHISKIES,260,DIAGEO AMERICAS,11290,CROWN ROYAL MINI,10,50,5.91,8.87,1,8.87,0.05,0.01
INV-21674200054,2019-09-04,2592,HY-VEE DRUGSTORE / MARSHALLTOWN,1712 S CENTER  ST,MARSHALLTOWN,50158,POINT(-92.912505 42.027531),64,MARSHALL,1012100.0,CANADIAN WHISKIES,260.0,DIAGEO AMERICAS,11290,CROWN ROYAL MINI,10,50,7.35,11.03,1,11.03,0.05,0.01
INV-68291700003,2024-03-15,4370,KUM & GO #240 / NORTH AVE NORWALK,530 NORTH AVE,NORWALK,50211,POINT(-93.681877998 41.475044997),,WARREN,1012100.0,CANADIAN WHISKIES,260,DIAGEO AMERICAS,11290,CROWN ROYAL MINI,10,50,5.91,8.87,1,8.87,0.05,0.01
INV-23485600006,2019-11-26,2666,HY-VEE FOOD STORE #2 / STATE ANKENY,2510 SW STATE ST,ANKENY,50023,POINT(-93.621824 41.705188),77,POLK,1012100.0,CANADIAN WHISKIES,260.0,DIAGEO AMERICAS,11290,CROWN ROYAL MINI,10,50,7.35,11.03,1,11.03,0.05,0.01
INV-32529500007,2020-12-08,2594,HY-VEE FOOD STORE / SIOUX CITY,4500 SERGEANT ROAD,SIOUX CITY,51106.0,POINT(-96.346969 42.447396),97,WOODBURY,1012100.0,CANADIAN WHISKIES,260.0,DIAGEO AMERICAS,11290,CROWN ROYAL MINI,10,50,7.35,11.03,1,11.03,0.05,0.01
INV-24004600019,2019-12-18,2590,HY-VEE FOOD STORE #5 / CEDAR RAPIDS,3235 OAKLAND ROAD NE,CEDAR RAPIDS,52402,POINT(-91.658105 42.010971),57,LINN,1012100.0,CANADIAN WHISKIES,260,DIAGEO AMERICAS,11290,CROWN ROYAL MINI,10,50,7.35,11.03,1,11.03,0.05,0.01
INV-32884500033,2020-12-21,4912,CASEY'S GENERAL STORE #2531 / ELDRIDGE,"840, E LE CLAIRE RD",ELDRIDGE,52748.0,POINT(-90.572547 41.654692),82,SCOTT,1012100.0,CANADIAN WHISKIES,260.0,DIAGEO AMERICAS,11290,CROWN ROYAL MINI,10,50,7.35,11.03,1,11.03,0.05,0.01
INV-27694800001,2020-06-03,4296,CIRCLE B MARKET,111 MAIN ST,KEOSAUQUA,52565.0,POINT(-91.962466 40.7294),89,VAN BUREN,1012100.0,CANADIAN WHISKIES,260.0,DIAGEO AMERICAS,11290,CROWN ROYAL MINI,10,50,7.35,11.03,1,11.03,0.05,0.01
INV-62965800007,2023-10-04,2522,HY-VEE WINE AND SPIRITS (1628) / SPIRIT LAKE,1902 PEORIA AVENUE,SPIRIT LAKE,51360,POINT(-95.112082975 43.421693017),,DICKINSON,1012100.0,CANADIAN WHISKIES,260,DIAGEO AMERICAS,11290,CROWN ROYAL MINI,10,50,9.95,14.93,1,14.93,0.05,0.01
INV-36222800032,2021-04-29,4696,QUIK TRIP #517 / WEST DES MOINES,1451 22ND ST,WEST DES MOINES,50266.0,POINT(-93.735967 41.59527),77,POLK,1012100.0,CANADIAN WHISKIES,260,DIAGEO AMERICAS,11290,CROWN ROYAL MINI,10,50,7.35,11.03,1,11.03,0.05,0.01
INV-50761700347,2022-08-30,10036,TOBACCO OUTLET PLUS #504 / DUBUQUE,"806 WACKER DR., STE 140",DUBUQUE,52001,POINT(-90.72039 42.49345),,DUBUQUE,1012100.0,CANADIAN WHISKIES,421,SAZERAC COMPANY  INC,11341,SEAGRAMS VO CANADIAN WHISKEY MINI,10,50,5.16,7.74,1,7.74,0.05,0.01
INV-85597600002,2025-08-18,6000,PORTERS CONVENIENCE 66 / CLINTON,1512 LINCOLN WAY,CLINTON,52732.0,POINT(-90.22192 41.81735),,CLINTON,1012100,CANADIAN WHISKIES,259,HEAVEN HILL BRANDS,11771,BLACK VELVET MINI,8,50,8.88,13.32,1,13.32,0.05,0.01
INV-76301600003,2024-11-11,5529,BIG 10 MART,2100 JFK RD,DUBUQUE,52001.0,POINT(-90.72043 42.50849),,DUBUQUE,1012100,CANADIAN WHISKIES,259,HEAVEN HILL BRANDS,11771,BLACK VELVET MINI,8,50,8.87,13.31,1,13.31,0.05,0.01
INV-69046200004,2024-04-10,3890,SMOKIN' JOE'S #7 TOBACCO AND LIQUOR OUTLET,904  1ST AVE NW,CEDAR RAPIDS,52405,POINT(-91.683979627 41.973120986),,LINN,1012100.0,CANADIAN WHISKIES,259,HEAVEN HILL BRANDS,11771,BLACK VELVET MINI,8,50,8.87,13.31,1,13.31,0.05,0.01
INV-28850200024,2020-07-20,5006,KWIK STOP 16TH STREET #325,1210 E 16TH ST,DUBUQUE,52001,POINT(-90.65613 42.511655),31,DUBUQUE,1012100.0,CANADIAN WHISKIES,259,HEAVEN HILL BRANDS,11771,BLACK VELVET MINI,8,50,8.5,12.75,1,12.75,0.05,0.01
INV-63396200001,2023-10-18,4456,KUM & GO #53 / IOWA CITY,955 MORMON TREK BLVD,IOWA CITY,52246,POINT(-91.574652619 41.649981268),,JOHNSON,1012100.0,CANADIAN WHISKIES,259,HEAVEN HILL BRANDS,11771,BLACK VELVET MINI,8,50,8.87,13.31,1,13.31,0.05,0.01
INV-88399800004,2025-11-07,6133,LINCOLN FARM AND HOME 3 / PACIFIC JUNCTION,18880 HYLAND AVE,PACIFIC JUNCTION,51561.0,POINT(-95.82482 41.04577),,MILLS,1012100,CANADIAN WHISKIES,259,HEAVEN HILL BRANDS,11771,BLACK VELVET MINI,8,50,7.43,11.15,1,11.15,0.05,0.01
INV-76478000002,2024-11-14,4382,KUM & GO #8 / 8TH ST / WDM,1293 8TH ST.,WEST DES MOINES,50265.0,POINT(-93.71237 41.5905),,POLK,1012100,CANADIAN WHISKIES,259,HEAVEN HILL BRANDS,11771,BLACK VELVET MINI,8,50,8.87,13.31,1,13.31,0.05,0.01
INV-80448500002,2025-03-11,5504,NEIGHBORHOOD MART,2102 LAFAYETTE ST,WATERLOO,50703.0,POINT(-92.3139 42.48991),,BLACK HAWK,1012100,CANADIAN WHISKIES,259,HEAVEN HILL BRANDS,11771,BLACK VELVET MINI,8,50,8.87,13.31,1,13.31,0.05,0.01
INV-60259000002,2023-07-12,2596,HY-VEE OTTUMWA#2,2453 NORTH COURT,OTTUMWA,52501,POINT(-92.409290016 41.049530013),,WAPELLO,1012100.0,CANADIAN WHISKIES,259,HEAVEN HILL BRANDS,11771,BLACK VELVET MINI,8,50,8.87,13.31,1,13.31,0.05,0.01
INV-31119400040,2020-10-19,4068,SA PETRO MART,136  1ST ST,WEST DES MOINES,50265.0,POINT(-93.703344 41.570743),77,POLK,1012100.0,CANADIAN WHISKIES,259.0,HEAVEN HILL BRANDS,11771,BLACK VELVET MINI,8,50,8.5,12.75,1,12.75,0.05,0.01
INV-22562600017,2019-10-15,4160,FAREWAY STORES #034 / IOWA CITY,2765 COMMERCE DR,IOWA CITY,52240,POINT(-91.48043 41.629617),52,JOHNSON,1012100.0,CANADIAN WHISKIES,115.0,CONSTELLATION BRANDS INC,11771,BLACK VELVET MINI,10,50,6.8,10.2,1,10.2,0.05,0.01
INV-85528300002,2025-08-15,10367,CASEY'S #4333 / CUMMING,5240 CUMMING AVENUE,CUMMING,50061.0,POINT(-93.77335 41.48306),,WARREN,1012100,CANADIAN WHISKIES,259,HEAVEN HILL BRANDS,11771,BLACK VELVET MINI,8,50,8.88,13.32,1,13.32,0.05,0.01
INV-31167300030,2020-10-20,5559,W-MART,1205 & 1207 E LOCUST ST,DAVENPORT,52803.0,POINT(-90.557921 41.5383),82,SCOTT,1012100.0,CANADIAN WHISKIES,259.0,HEAVEN HILL BRANDS,11771,BLACK VELVET MINI,8,50,8.5,12.75,1,12.75,0.05,0.01
INV-26482900001,2020-04-13,2568,HY-VEE FOOD STORE #4 / CEDAR RAPIDS,1556 FIRST AVENUE NE,CEDAR RAPIDS,52402,POINT(-91.650755 41.988967),57,LINN,1012100.0,CANADIAN WHISKIES,259,HEAVEN HILL BRANDS,11771,BLACK VELVET MINI,10,50,6.8,10.2,1,10.2,0.05,0.01
INV-42467700043,2021-11-30,5004,IDA GROVE FOOD PRIDE,200 SUSAN LAWRENCE DR,IDA GROVE,51445.0,,47,IDA,1012100.0,CANADIAN WHISKIES,259,HEAVEN HILL BRANDS,11771,BLACK VELVET MINI,8,50,8.5,12.75,1,12.75,0.05,0.01
INV-80403500002,2025-03-11,3917,SMOKIN' JOE'S #2 TOBACCO AND LIQUOR OUTLET,1606 W LOCUST ST,DAVENPORT,52804.0,POINT(-90.59904 41.53824),,SCOTT,1012100,CANADIAN WHISKIES,259,HEAVEN HILL BRANDS,11771,BLACK VELVET MINI,8,50,8.87,13.31,1,13.31,0.05,0.01
INV-33910900041,2021-01-29,4311,FAREWAY STORES #508 / FORT DODGE,1231  1ST AVE S,FORT DODGE,50501.0,POINT(-94.18154 42.50513),94,WEBSTER,1012100.0,CANADIAN WHISKIES,259.0,HEAVEN HILL BRANDS,11771,BLACK VELVET MINI,8,50,8.5,12.75,1,12.75,0.05,0.01
INV-49066200010,2022-07-09,4439,CENTER POINT FOODS,800 FORD LANE,CENTER POINT,52213,POINT(-91.775736 42.177736),57,LINN,1012100.0,CANADIAN WHISKIES,259,HEAVEN HILL BRANDS,11771,BLACK VELVET MINI,8,50,8.5,12.75,1,12.75,0.05,0.01
INV-93453100004,2026-04-07,10738,LITE NIGHT LIQUOR & SMOKE / CORALVILLE,1711 2ND ST,CORALVILLE,52241.0,POINT(-91.58744 41.67743),,JOHNSON,1012100,CANADIAN WHISKIES,259,HEAVEN HILL BRANDS,11771,BLACK VELVET MINI,8,50,7.43,11.15,1,11.15,0.05,0.01
INV-78194000002,2025-01-02,4397,QUIK TRIP #514 / ANKENY,802 E 1ST ST,ANKENY,50021.0,POINT(-93.58628 41.73234),,POLK,1012100,CANADIAN WHISKIES,259,HEAVEN HILL BRANDS,11771,BLACK VELVET MINI,8,50,8.87,13.31,1,13.31,0.05,0.01
INV-45845700014,2022-03-23,2565,HY-VEE FOOD STORE #1636 / SPENCER,819 N GRAND AVE,SPENCER,51301.0,POINT(-95.14506 43.145897),21,CLAY,1012100.0,CANADIAN WHISKIES,259,HEAVEN HILL BRANDS,11771,BLACK VELVET MINI,8,50,8.5,12.75,1,12.75,0.05,0.01
INV-55080700011,2023-01-18,5635,"BREW, GAS, COFFEE, SPIRIT, CIGARATTE",404  11TH ST,CORRECTIONVILLE,51016,POINT(-95.78529 42.48222),,WOODBURY,1012100.0,CANADIAN WHISKIES,259,HEAVEN HILL BRANDS,11771,BLACK VELVET MINI,8,50,8.5,12.75,1,12.75,0.05,0.01
INV-54748900021,2023-01-08,4067,FREEMAN FOODS,268 8TH AVE,WELLMAN,52356.0,POINT(-91.83788 41.46503),,WASHINGTON,1012100,CANADIAN WHISKIES,259,HEAVEN HILL BRANDS,11771,BLACK VELVET MINI,8,50,8.5,12.75,1,12.75,0.05,0.01
INV-31538400060,2020-10-30,2607,HY-VEE WINE AND SPIRITS / SHENANDOAH,520 SO FREMONT,SHENANDOAH,51601.0,POINT(-95.385111 40.761736),73,PAGE,1012100.0,CANADIAN WHISKIES,259.0,HEAVEN HILL BRANDS,11771,BLACK VELVET MINI,8,50,8.5,12.75,1,12.75,0.05,0.01
INV-80629900005,2025-03-18,2662,HY-VEE WINE & SPIRITS / MUSCATINE,"522 MULBERRY, SUITE A",MUSCATINE,52761.0,POINT(-91.04435 41.42662),,MUSCATINE,1012100,CANADIAN WHISKIES,259,HEAVEN HILL BRANDS,11771,BLACK VELVET MINI,8,50,8.87,13.31,1,13.31,0.05,0.01
INV-54555200004,2023-01-02,6006,CASEY'S GENERAL STORE #2635 / JOHNSTON,10010 NW 62ND AVE,JOHNSTON,50131,POINT(-93.75913 41.67288),,POLK,1012100.0,CANADIAN WHISKIES,259,HEAVEN HILL BRANDS,11771,BLACK VELVET MINI,8,50,8.5,12.75,1,12.75,0.05,0.01
INV-41908200009,2021-11-11,4505,CASEY'S GENERAL STORE #2816 / JOHNSTON,6417 NORTHGLEN DR,JOHNSTON,50131,POINT(-93.706057 41.688076),77,POLK,1012100.0,CANADIAN WHISKIES,259,HEAVEN HILL BRANDS,11771,BLACK VELVET MINI,8,50,8.5,12.75,1,12.75,0.05,0.01
INV-50889900011,2022-09-01,6323,"FAREWAY STORES, INC. #225 / DES MOINES",2716 BEAVER AVENUE,DES MOINES,50310,POINT(-93.673103 41.619693),,POLK,1012100.0,CANADIAN WHISKIES,259,HEAVEN HILL BRANDS,11771,BLACK VELVET MINI,8,50,8.5,12.75,1,12.75,0.05,0.01
INV-42479200026,2021-12-01,5086,"CENTRAL MART I, LLC.","2501, FLOYD BLVD",SIOUX CITY,51106.0,POINT(-96.385071 42.515989),97,WOODBURY,1012100.0,CANADIAN WHISKIES,259,HEAVEN HILL BRANDS,11771,BLACK VELVET MINI,8,50,8.5,12.75,1,12.75,0.05,0.01
INV-51204100017,2022-09-14,2648,HY-VEE #4 / WDM,555 S 51ST ST,WEST DES MOINES,50265,POINT(-93.77358 41.561217),,POLK,1012100.0,CANADIAN WHISKIES,259,HEAVEN HILL BRANDS,11771,BLACK VELVET MINI,8,50,8.5,12.75,1,12.75,0.05,0.01
INV-26133700014,2020-03-26,4382,KUM & GO #8 / 8TH ST / WDM,1293 8TH AVE,WEST DES MOINES,50265,,77,POLK,1012100.0,CANADIAN WHISKIES,259,HEAVEN HILL BRANDS,11771,BLACK VELVET MINI,10,50,6.8,10.2,1,10.2,0.05,0.01
INV-78959800004,2025-01-23,5803,CASEY'S GENERAL STORE #3333 / PLEASANT HILL,5550 E UNIVERSITY AVE,PLEASANT HILL,50327.0,POINT(-93.50438 41.60007),,POLK,1012100,CANADIAN WHISKIES,259,HEAVEN HILL BRANDS,11771,BLACK VELVET MINI,8,50,8.87,13.31,1,13.31,0.05,0.01
INV-78740700004,2025-01-17,5507,QUIK TRIP #559 / FLEUR,4021 FLEUR DR,DES MOINES,50321.0,POINT(-93.64391 41.54764),,POLK,1012100,CANADIAN WHISKIES,259,HEAVEN HILL BRANDS,11771,BLACK VELVET MINI,8,50,8.87,13.31,1,13.31,0.05,0.01
INV-49229500031,2022-07-15,4794,SMOKIN' JOE'S #17 TOBACCO AND LIQUOR OUTLET,110 S ROOSEVELT HWY 61,BURLINGTON,52601,POINT(-91.141203 40.809437),29,DES MOINES,1012100.0,CANADIAN WHISKIES,259,HEAVEN HILL BRANDS,11771,BLACK VELVET MINI,8,50,8.5,12.75,1,12.75,0.05,0.01
INV-35405200018,2021-03-30,4373,KUM & GO #74 / WEST DES MOINES,141 S JORDAN CREEK PKWY,WEST DES MOINES,50266.0,POINT(-93.809458 41.567246),77,POLK,1012100.0,CANADIAN WHISKIES,259.0,HEAVEN HILL BRANDS,11771,BLACK VELVET MINI,8,50,8.5,12.75,1,12.75,0.05,0.01
INV-23187900037,2019-11-12,2660,HY-VEE FOOD STORE / SIOUX CENTER,1951 S MAIN AVE,SIOUX CENTER,51250,POINT(-96.175695 43.056471),84,SIOUX,1012100.0,CANADIAN WHISKIES,259.0,HEAVEN HILL BRANDS,11771,BLACK VELVET MINI,10,50,6.8,10.2,1,10.2,0.05,0.01
INV-53138900005,2022-11-17,2691,HY-VEE FAST & FRESH - DES MOINES,5801 HICKMAN ROAD,URBANDALE,50322.0,POINT(-93.69815 41.61488),,POLK,1012100,CANADIAN WHISKIES,259,HEAVEN HILL BRANDS,11771,BLACK VELVET MINI,8,50,8.5,12.75,1,12.75,0.05,0.01
INV-74862600002,2024-10-02,6029,CASEY'S GENERAL STORE #50 / MOVILLE,4 S 1ST ST,MOVILLE,51039.0,POINT(-96.0751 42.48849),,WOODBURY,1012100,CANADIAN WHISKIES,259,HEAVEN HILL BRANDS,11771,BLACK VELVET MINI,8,50,8.87,13.31,1,13.31,0.05,0.01
INV-29380400134,2020-08-11,2637,HY-VEE #5 / DAVENPORT,2351 W LOCUST,DAVENPORT,52804,POINT(-90.611972 41.538207),82,SCOTT,1012100.0,CANADIAN WHISKIES,259,HEAVEN HILL BRANDS,11771,BLACK VELVET MINI,8,50,8.5,12.75,1,12.75,0.05,0.01
INV-75512600008,2024-10-20,6130,HIWAY 20 LIQUOR AND TOBACCO / FORT DODGE,1724 5TH AVE S,FORT DODGE,50501.0,POINT(-94.17382 42.50108),,WEBSTER,1012100,CANADIAN WHISKIES,259,HEAVEN HILL BRANDS,11771,BLACK VELVET MINI,8,50,8.87,13.31,1,13.31,0.05,0.01
INV-38503800033,2021-07-20,4203,LIQUOR AND TOBACCO OUTLET /,620 W BREMER AVE,WAVERLY,50677.0,POINT(-92.47898 42.725694),9,BREMER,1012100.0,CANADIAN WHISKIES,259.0,HEAVEN HILL BRANDS,11771,BLACK VELVET MINI,8,50,8.5,12.75,1,12.75,0.05,0.01
INV-58695900018,2023-05-23,10180,SWEETIES LIQUOR STORE AND COFFEE SHOP LLC / ODEBOLT,3274 FOX AVENUE,ODEBOLT,51458,POINT(-95.244925998 42.3158350040001),,SAC,1012100.0,CANADIAN WHISKIES,259,HEAVEN HILL BRANDS,11771,BLACK VELVET MINI,8,50,8.87,13.31,1,13.31,0.05,0.01
INV-35868600009,2021-04-16,4411,KUM & GO #95 / DE SOTO,1203 GUTHRIE ST,DE SOTO,50069.0,POINT(-94.012641 41.538192),25,DALLAS,1012100.0,CANADIAN WHISKIES,259.0,HEAVEN HILL BRANDS,11771,BLACK VELVET MINI,8,50,8.5,12.75,1,12.75,0.05,0.01
INV-47843000012,2022-05-27,5409,CASEY'S GENERAL STORE # 2179/ WAUKEE,1995 SE UNIVERSITY,WAUKEE,50263.0,POINT(-93.837191 41.600414),25,DALLAS,1012100.0,CANADIAN WHISKIES,259,HEAVEN HILL BRANDS,11771,BLACK VELVET MINI,8,50,8.5,12.75,1,12.75,0.05,0.01
INV-55636400035,2023-02-07,4452,SELECT MART    GORDON DR,2825 GORDON DR,SIOUX CITY,51105.0,POINT(-96.37201 42.48962),,WOODBURY,1012100,CANADIAN WHISKIES,259,HEAVEN HILL BRANDS,11771,BLACK VELVET MINI,8,50,8.87,13.31,1,12.75,0.05,0.01
INV-62770600004,2023-09-28,4428,KUM & GO #200 / AMES,4510 MORTENSEN RD,AMES,50014,POINT(-93.679602981 42.011595011),,STORY,1012100.0,CANADIAN WHISKIES,259,HEAVEN HILL BRANDS,11771,BLACK VELVET MINI,8,50,8.87,13.31,1,13.31,0.05,0.01
INV-64037500005,2023-11-07,5181,CASEY'S GENERAL STORE #3434  /  DENV,"1101, JEFFERSON ST",DENVER,50622,POINT(-92.336156989 42.661294012),,BREMER,1012100.0,CANADIAN WHISKIES,259,HEAVEN HILL BRANDS,11771,BLACK VELVET MINI,8,50,8.87,13.31,1,13.31,0.05,0.01
INV-42473500021,2021-11-30,5649,THE DEPOT TIFFIN,221 W MARENGO RD,TIFFIN,52340.0,,52,JOHNSON,1012100.0,CANADIAN WHISKIES,259,HEAVEN HILL BRANDS,11771,BLACK VELVET MINI,8,50,8.5,12.75,1,12.75,0.05,0.01
INV-48556200003,2022-06-21,5510,KUM & GO #1443 / WILLIAMSBURG,2177 M AVE,WILLIAMSBURG,52361,POINT(-92.066146 41.690902),48,IOWA,1012100.0,CANADIAN WHISKIES,259,HEAVEN HILL BRANDS,11771,BLACK VELVET MINI,8,50,8.5,12.75,1,12.75,0.05,0.01
INV-25235000020,2020-02-14,4896,BARRYS MINI MART,"403, CHESTNUT ST",HARPERS FERRY,52146,POINT(-91.38553 43.050183),3,ALLAMAKEE,1012100.0,CANADIAN WHISKIES,259,HEAVEN HILL BRANDS,11771,BLACK VELVET MINI,10,50,6.8,10.2,1,10.2,0.05,0.01
INV-42840800010,2021-12-13,4637,KWIK SHOP #560 / CEDAR RAPIDS,3301 J ST,CEDAR RAPIDS,52404.0,POINT(-91.666812 41.944676),57,LINN,1012100.0,CANADIAN WHISKIES,259,HEAVEN HILL BRANDS,11771,BLACK VELVET MINI,8,50,8.5,12.75,1,12.75,0.05,0.01
INV-45045800005,2022-02-24,4674,KUM & GO #227 / AMES,2108 ISAAC NEWTON DR,AMES,50010,POINT(-93.585995 42.009583),85,STORY,1012100.0,CANADIAN WHISKIES,259,HEAVEN HILL BRANDS,11771,BLACK VELVET MINI,8,50,8.5,12.75,1,12.75,0.05,0.01
INV-57529400008,2023-04-14,5615,CASEY'S GENERAL STORE #2520 / GRIMES,206 E 1ST ST,GRIMES,50111,POINT(-93.7934115039999 41.688322686),,POLK,1012100.0,CANADIAN WHISKIES,259,HEAVEN HILL BRANDS,11771,BLACK VELVET MINI,8,50,8.87,13.31,1,13.31,0.05,0.01
INV-70818600013,2024-06-03,2576,HY-VEE WINE AND SPIRITS / STORM LAKE,1250 N LAKE ST,STORM LAKE,50588,POINT(-95.20329803 42.653299017),,BUENA VISTA,1012100.0,CANADIAN WHISKIES,259,HEAVEN HILL BRANDS,11771,BLACK VELVET MINI,8,50,8.87,13.31,1,13.31,0.05,0.01
INV-78119100003,2024-12-30,4596,QUIK TRIP #534 / E UNIVERSITY DM,2945 E UNIVERSITY,DES MOINES,50317.0,POINT(-93.55924 41.6003),,POLK,1012100,CANADIAN WHISKIES,259,HEAVEN HILL BRANDS,11771,BLACK VELVET MINI,8,50,8.87,13.31,1,13.31,0.05,0.01
INV-31818700008,2020-11-10,5203,KIMMES COON RAPIDS COUNTRY STORE #12,"516, HIGHWAY 141",COON RAPIDS,50058,POINT(-94.678374 41.865913),14,CARROLL,1012100.0,CANADIAN WHISKIES,259,HEAVEN HILL BRANDS,11771,BLACK VELVET MINI,8,50,8.5,12.75,1,12.75,0.05,0.01
INV-25498700009,2020-02-27,4368,KUM & GO #570 / JOHNSTON,5800 NORTHGLEN DR,JOHNSTON,50131,POINT(-93.698308 41.682764),77,POLK,1012100.0,CANADIAN WHISKIES,259,HEAVEN HILL BRANDS,11771,BLACK VELVET MINI,10,50,6.8,10.2,1,10.2,0.05,0.01
INV-44676000003,2022-02-11,2710,HY-VEE GAS #1 / OTTUMWA,1027 N QUINCY AVE,OTTUMWA,52501,POINT(-92.438465 41.016113),90,WAPELLO,1012100.0,CANADIAN WHISKIES,259,HEAVEN HILL BRANDS,11771,BLACK VELVET MINI,8,50,8.5,12.75,1,12.75,0.05,0.01
INV-39983700012,2021-09-11,4942,EAST VILLAGE PANTRY,333 E GRAND AVE,DES MOINES,50309,POINT(-93.613492 41.590253),77,POLK,1012100.0,CANADIAN WHISKIES,259,HEAVEN HILL BRANDS,11771,BLACK VELVET MINI,8,50,8.5,12.75,1,12.75,0.05,0.01
INV-64361600005,2023-11-16,4428,KUM & GO #200 / AMES,4510 MORTENSEN RD,AMES,50014,POINT(-93.679602981 42.011595011),,STORY,1012100.0,CANADIAN WHISKIES,259,HEAVEN HILL BRANDS,11771,BLACK VELVET MINI,8,50,8.87,13.31,1,13.31,0.05,0.01
INV-37050600074,2021-05-28,2606,HY-VEE WINE AND SPIRITS / HUMBOLDT,1011  13TH ST NORTH,HUMBOLDT,50548.0,POINT(-94.227116 42.733221),46,HUMBOLDT,1012100.0,CANADIAN WHISKIES,259,HEAVEN HILL BRANDS,11771,BLACK VELVET MINI,8,50,8.5,12.75,1,12.75,0.05,0.01
INV-76081900009,2024-11-05,4452,SELECT MART    GORDON DR,2825 GORDON DR,SIOUX CITY,51105.0,POINT(-96.37199 42.48961),,WOODBURY,1012100,CANADIAN WHISKIES,259,HEAVEN HILL BRANDS,11771,BLACK VELVET MINI,8,50,8.87,13.31,1,13.31,0.05,0.01
INV-74347500012,2024-09-17,2544,HY-VEE FOOD STORE (1403) / MARSHALLTOWN,802 SOUTH CENTER,MARSHALLTOWN,50158.0,POINT(-92.91279 42.03922),,MARSHALL,1012100,CANADIAN WHISKIES,259,HEAVEN HILL BRANDS,11771,BLACK VELVET MINI,8,50,8.87,13.31,1,13.31,0.05,0.01
INV-28172800016,2020-06-22,4766,KEYWEST CONOCO / DUBUQUE,2150 TWIN VALLEY DR,DUBUQUE,52003.0,POINT(-90.674579 42.459905),31,DUBUQUE,1012100.0,CANADIAN WHISKIES,259.0,HEAVEN HILL BRANDS,11771,BLACK VELVET MINI,8,50,8.5,12.75,1,12.75,0.05,0.01
INV-87679300002,2025-10-16,4757,EZ MART / BONDURANT,1111 SE LINCOLN STREET,BONDURANT,50035.0,POINT(-93.45713 41.69251),,POLK,1012100,CANADIAN WHISKIES,259,HEAVEN HILL BRANDS,11771,BLACK VELVET MINI,8,50,7.43,11.15,1,13.32,0.05,0.01
INV-63180700004,2023-10-11,3990,CORK AND BOTTLE / OSKALOOSA,309 A AVE WEST,OSKALOOSA,52577,POINT(-92.648202 41.296521021),,MAHASKA,1012100.0,CANADIAN WHISKIES,259,HEAVEN HILL BRANDS,11771,BLACK VELVET MINI,8,50,8.87,13.31,1,13.31,0.05,0.01
INV-45304900004,2022-07-27,2529,HY-VEE DRUGSTORE #4 / CEDAR RAPIDS,4825 JOHNSON AVE NW,CEDAR RAPIDS,52405,POINT(-91.733385 41.96837),,LINN,1012100.0,CANADIAN WHISKIES,259,HEAVEN HILL BRANDS,11771,BLACK VELVET MINI,8,50,8.5,12.75,1,12.75,0.05,0.01
INV-25422100025,2020-02-24,4547,FAREWAY STORES #902 / HAMPTON,309 CENTRAL AVE WEST,HAMPTON,50441,POINT(-93.211676 42.741748),35,FRANKLIN,1012100.0,CANADIAN WHISKIES,259,HEAVEN HILL BRANDS,11771,BLACK VELVET MINI,10,50,6.8,10.2,1,10.2,0.05,0.01
INV-59871200003,2023-06-29,5392,CASEY'S GENERAL STORE # 1861/ BONDURANT,1455 GRANT STREET SOUTH,BONDURANT,50035,POINT(-93.4629219829999 41.688851002),,POLK,1012100.0,CANADIAN WHISKIES,259,HEAVEN HILL BRANDS,11771,BLACK VELVET MINI,8,50,8.87,13.31,1,13.31,0.05,0.01
INV-30798000015,2020-10-06,5691,LOGAN AVE CONVENIENCE STORE / WATERLOO,735 LOGAN AVE,WATERLOO,50703.0,POINT(-92.337744 42.510453),7,BLACK HAWK,1012100.0,CANADIAN WHISKIES,259.0,HEAVEN HILL BRANDS,11771,BLACK VELVET MINI,8,50,8.5,12.75,1,12.75,0.05,0.01
INV-40680200002,2021-10-05,5091,KUM & GO #1436 / MUSCATINE,416 CEDAR ST,MUSCATINE,52671.0,POINT(-91.040656 41.097443),70,MUSCATINE,1012100.0,CANADIAN WHISKIES,259,HEAVEN HILL BRANDS,11771,BLACK VELVET MINI,8,50,8.5,12.75,1,12.75,0.05,0.01
INV-24046800023,2019-12-19,4433,KUM & GO #24  PLEASANT HILL,5970 MORNING STAR CT,PLEASANT HILL,50317,POINT(-93.492204 41.597596),77,POLK,1012100.0,CANADIAN WHISKIES,259,HEAVEN HILL BRANDS,11771,BLACK VELVET MINI,10,50,6.8,10.2,1,10.2,0.05,0.01
INV-70742400008,2024-05-31,5382,CASEY'S GENERAL STORE # 2870/ ALTOONA,1419 1ST AVE N,ALTOONA,50009,POINT(-93.463990005 41.663614014),,POLK,1012100.0,CANADIAN WHISKIES,259,HEAVEN HILL BRANDS,11771,BLACK VELVET MINI,8,50,8.87,13.31,1,13.31,0.05,0.01
INV-39877500116,2021-09-08,5423,STAMMER LIQUOR CORP,615 2ND AVE,SHELDON,51201,POINT(-95.854899 43.184242),71,O'BRIEN,1012100.0,CANADIAN WHISKIES,421,SAZERAC COMPANY  INC,12861,RICH & RARE CARAMEL MINI,10,50,5.16,7.74,1,7.74,0.05,0.01
INV-40890800046,2021-10-12,4203,LIQUOR AND TOBACCO OUTLET /,620 W BREMER AVE,WAVERLY,50677.0,POINT(-92.47898 42.725694),9,BREMER,1012100.0,CANADIAN WHISKIES,380,PHILLIPS BEVERAGE,14492,REVEL STOKE ROASTED PECAN MINI,12,50,4.6,6.9,1,6.9,0.05,0.01
INV-35760300007,2021-04-13,5886,BEECHER LIQUOR / DUBUQUE,1691 ASBURY RD,DUBUQUE,52001.0,POINT(-90.696886 42.500775),31,DUBUQUE,1012100.0,CANADIAN WHISKIES,380.0,PHILLIPS BEVERAGE,14498,REVEL STOKE SMOKED VANILLA MINI,1,50,29.34,44.01,1,44.01,0.05,0.01
INV-13084900002,2018-07-06,2518,HY-VEE WINE AND SPIRITS / RED OAK,1607 NORTH BROADWAY,RED OAK,51566,POINT(-95.83539 41.279189),69,MONTGOMERY,1012100.0,CANADIAN WHISKIES,380,PHILLIPS BEVERAGE,14498,REVEL STOKE SMOKED VANILLA WHISKEY MINI,1,50,29.34,44.01,1,44.01,0.05,0.01
INV-38650400006,2021-07-26,4068,SA PETRO MART,136  1ST ST,WEST DES MOINES,50265.0,POINT(-93.703344 41.570743),77,POLK,1012100.0,CANADIAN WHISKIES,380.0,PHILLIPS BEVERAGE,14498,REVEL STOKE SMOKED VANILLA MINI,1,50,29.34,44.01,1,44.01,0.05,0.01
INV-40252800023,2021-09-21,2573,HY-VEE FOOD STORE / MUSCATINE,2400 2ND AVE,MUSCATINE,52761,POINT(-91.035138 41.451349),70,MUSCATINE,1012100.0,CANADIAN WHISKIES,380,PHILLIPS BEVERAGE,14515,REVEL STOKE BLACKBERRY MINI,12,50,4.6,6.9,1,6.9,0.05,0.01
INV-28374700033,2020-06-30,2666,HY-VEE FOOD STORE #2 / STATE ANKENY,2510 SW STATE ST,ANKENY,50023.0,POINT(-93.621824 41.705188),77,POLK,1012100.0,CANADIAN WHISKIES,380.0,PHILLIPS BEVERAGE,14518,REVEL STOKE PEANUT BUTTER WHISKY MINI,12,50,4.6,6.9,1,6.9,0.05,0.01
INV-27511200105,2020-05-27,3723,J D SPIRITS LIQUOR,1023  9TH ST,ONAWA,51040.0,POINT(-96.095845 42.025841),67,MONONA,1012100.0,CANADIAN WHISKIES,380.0,PHILLIPS BEVERAGE,14518,REVEL STOKE PEANUT BUTTER WHISKY MINI,12,50,4.6,6.9,1,6.9,0.05,0.01
INV-25721000014,2020-03-09,5640,CASEY'S GENERAL STORE #3371 / NEW HARTFORD,33000 HWY 57,NEW HARTFORD,50660,POINT(-92.63291 42.565274),12,BUTLER,1012100.0,CANADIAN WHISKIES,380,PHILLIPS BEVERAGE,14518,REVEL STOKE PEANUT BUTTER WHISKY MINI,12,50,4.89,7.34,1,7.34,0.05,0.01
INV-37424700059,2021-06-11,3465,HOMETOWN FOODS / PANORA,601 E MAIN,PANORA,50216.0,POINT(-94.357201 41.69182),39,GUTHRIE,1012100.0,CANADIAN WHISKIES,380,PHILLIPS BEVERAGE,14518,REVEL STOKE PEANUT BUTTER WHISKY MINI,12,50,4.6,6.9,1,6.9,0.05,0.01
INV-35478600197,2021-03-31,2590,HY-VEE FOOD STORE #5 / CEDAR RAPIDS,3235 OAKLAND ROAD NE,CEDAR RAPIDS,52402.0,POINT(-91.658105 42.010971),57,LINN,1012100.0,CANADIAN WHISKIES,380.0,PHILLIPS BEVERAGE,14518,REVEL STOKE PEANUT BUTTER WHISKY MINI,12,50,4.6,6.9,1,6.9,0.05,0.01
INV-28172200018,2020-06-22,3612,B AND C LIQUOR / MAQUOKETA,509 E PLATT,MAQUOKETA,52060.0,POINT(-90.659692 42.06922),49,JACKSON,1012100.0,CANADIAN WHISKIES,380.0,PHILLIPS BEVERAGE,14518,REVEL STOKE PEANUT BUTTER WHISKY MINI,12,50,4.6,6.9,1,6.9,0.05,0.01
INV-31228500003,2020-10-21,2565,HY-VEE FOOD STORE #1636 / SPENCER,819 N GRAND AVE,SPENCER,51301.0,POINT(-95.14506 43.145897),21,CLAY,1012100.0,CANADIAN WHISKIES,380.0,PHILLIPS BEVERAGE,14530,REVEL STOKE CHERRY MINI,12,50,4.6,6.9,1,6.9,0.05,0.01
INV-32627600088,2020-12-11,5050,FAREWAY STORES #147 / CARLISLE,"1115, BLUESTEM DR",CARLISLE,50047.0,POINT(-93.499634 41.497945),91,WARREN,1012100.0,CANADIAN WHISKIES,380.0,PHILLIPS BEVERAGE,14530,REVEL STOKE CHERRY MINI,12,50,4.6,6.9,1,6.9,0.05,0.01
INV-80506800016,2025-03-13,2588,HY-VEE FOOD AND DRUG #6 / CEDAR RAPIDS,4035 MT VERNON RD SE,CEDAR RAPIDS,52403.0,POINT(-91.60966 41.97553),,LINN,1012400,IRISH WHISKIES,370,PERNOD RICARD USA,15621,JAMESON MINI,12,50,13.2,19.8,1,19.8,0.05,0.01
INV-83828400002,2025-06-24,5846,ROCKINGHAM LIQUOR - DAVENPORT,2423 ROCKINGHAM ROAD,DAVENPORT,52802.0,POINT(-90.61345 41.51414),,SCOTT,1012400,IRISH WHISKIES,370,PERNOD RICARD USA,15621,JAMESON MINI,12,50,13.2,19.8,1,19.8,0.05,0.01
INV-29703900055,2020-08-24,2616,HY-VEE FOOD AND DRUG / CLINTON,901 SOUTH 4TH ST,CLINTON,52732.0,POINT(-90.193204 41.836268),23,CLINTON,1012400.0,IRISH WHISKIES,370.0,PERNOD RICARD USA,15621,JAMESON MINI,12,50,9.9,14.85,1,14.85,0.05,0.01
INV-88264400004,2025-11-04,3932,MAIN STREET SPIRITS / MAPLETON,311 MAIN ST,MAPLETON,51034.0,POINT(-95.79376 42.16589),,MONONA,1012400,IRISH WHISKIES,370,PERNOD RICARD USA,15621,JAMESON MINI,12,50,13.2,19.8,1,19.8,0.05,0.01
INV-34797500088,2021-03-05,4180,SMOKIN' JOE'S #10 TOBACCO AND LIQUOR OUTLET,480 7TH AVE,MARION,52302.0,POINT(-91.605094 42.033366),57,LINN,1012400.0,IRISH WHISKIES,370.0,PERNOD RICARD USA,15621,JAMESON MINI,12,50,9.9,14.85,1,14.85,0.05,0.01
INV-26805600008,2020-04-24,4897,GASLAND #102 / BURLINGTON,1703 MT PLEASANT ST,BURLINGTON,52601,POINT(-91.121931 40.819885),29,DES MOINES,1012400.0,IRISH WHISKIES,370,PERNOD RICARD USA,15621,JAMESON MINI,12,50,9.9,14.85,1,14.85,0.05,0.01
INV-66054100012,2024-01-08,2552,HY-VEE FOOD STORE #3 (1056) / CEDAR RAPIDS,20 WILSON AVENUE WEST,CEDAR RAPIDS,52404,POINT(-91.657411713 41.955907286),,LINN,1012400.0,IRISH WHISKIES,370,PERNOD RICARD USA,15621,JAMESON MINI,12,50,13.2,19.8,1,19.8,0.05,0.01
INV-93606500005,2026-04-13,6260,SUPERQUICK LIQUOR VINE / WEST DES MOINES,2704 VINE STREET,WEST DES MOINES,50265.0,POINT(-93.74167 41.58),,POLK,1012400,IRISH WHISKIES,370,PERNOD RICARD USA,15621,JAMESON MINI,12,50,13.2,19.8,1,19.8,0.05,0.01
INV-30327800003,2020-09-18,4678,FAREWAY STORES #124 / ADEL,804 NILE KINNICK DR,ADEL,50003.0,POINT(-94.016796 41.61025),25,DALLAS,1012400.0,IRISH WHISKIES,370.0,PERNOD RICARD USA,15621,JAMESON MINI,12,50,9.9,14.85,1,14.85,0.05,0.01
INV-67946600003,2024-03-06,5599,KWIK STOP 4,515 BROADWAY ST,WATERLOO,50703,POINT(-92.345643962 42.510790989),,BLACK HAWK,1012400.0,IRISH WHISKIES,370,PERNOD RICARD USA,15621,JAMESON MINI,12,50,13.2,19.8,1,19.8,0.05,0.01
INV-94095800010,2026-04-27,2648,HY-VEE #4 / WDM,555 S 51ST ST,WEST DES MOINES,50265.0,POINT(-93.77432 41.56089),,POLK,1012400,IRISH WHISKIES,370,PERNOD RICARD USA,15621,JAMESON MINI,12,50,13.2,19.8,1,19.8,0.05,0.01
INV-55763300025,2023-02-10,6130,HIWAY 20 LIQUOR AND TOBACCO / FORT DODGE,1724 5TH AVE S,FORT DODGE,50501.0,POINT(-94.17382 42.50108),,WEBSTER,1012400,IRISH WHISKIES,370,PERNOD RICARD USA,15621,JAMESON MINI,12,50,9.9,14.85,1,14.85,0.05,0.01
INV-77272000018,2024-12-06,2613,HY-VEE FOOD STORE #1 / COUNCIL BLUFFS,2323 W BROADWAY,COUNCIL BLUFFS,51501.0,POINT(-95.87951 41.26138),,POTTAWATTAMIE,1012400,IRISH WHISKIES,370,PERNOD RICARD USA,15621,JAMESON MINI,12,50,13.2,19.8,1,19.8,0.05,0.01
INV-71986800011,2024-07-08,2662,HY-VEE WINE & SPIRITS / MUSCATINE,"522 MULBERRY, SUITE A",MUSCATINE,52761,POINT(-91.044577039 41.426581001),,MUSCATINE,1012400.0,IRISH WHISKIES,370,PERNOD RICARD USA,15621,JAMESON MINI,12,50,13.2,19.8,1,19.8,0.05,0.01
INV-23901200013,2019-12-13,5520,RIVERSIDE TRAVEL MART,3070 HWY 22 E,RIVERSIDE,52327,POINT(-91.546885 41.488516),92,WASHINGTON,1012400.0,IRISH WHISKIES,370,PERNOD RICARD USA,15621,JAMESON MINI,10,50,11.88,17.82,1,17.82,0.05,0.01
INV-26153100099,2020-03-27,2603,HY-VEE WINE AND SPIRITS / BETTENDORF,2890 DEVILS GLEN ROAD,BETTENDORF,52722,POINT(-90.483701 41.552338),82,SCOTT,1012400.0,IRISH WHISKIES,370,PERNOD RICARD USA,15621,JAMESON MINI,12,50,9.9,14.85,1,14.85,0.05,0.01
INV-90028900014,2025-12-23,2663,HY-VEE FOOD STORE / URBANDALE,8701 DOUGLAS,URBANDALE,50322.0,POINT(-93.73889 41.63036),,POLK,1012400,IRISH WHISKIES,370,PERNOD RICARD USA,15621,JAMESON MINI,12,50,13.2,19.8,1,19.8,0.05,0.01
INV-29144700083,2020-07-31,4180,SMOKIN' JOE'S #10 TOBACCO AND LIQUOR OUTLET,480 7TH AVE,MARION,52302,POINT(-91.605094 42.033366),57,LINN,1012400.0,IRISH WHISKIES,370,PERNOD RICARD USA,15621,JAMESON MINI,12,50,9.9,14.85,1,14.85,0.05,0.01
INV-23769400019,2019-12-09,4787,380BP / SWISHER,2722 NE 120TH ST,SWISHER,52338,POINT(-91.664592 41.847894),52,JOHNSON,1012400.0,IRISH WHISKIES,370.0,PERNOD RICARD USA,15621,JAMESON MINI,10,50,11.88,17.82,1,17.82,0.05,0.01
INV-28565300005,2020-07-08,3773,BENZ DISTRIBUTING,501 7TH AVE SE,CEDAR RAPIDS,52401,POINT(-91.659875 41.97574),57,LINN,1012400.0,IRISH WHISKIES,370,PERNOD RICARD USA,15621,JAMESON MINI,12,50,9.9,14.85,1,14.85,0.05,0.01
INV-68144000004,2024-03-12,6236,WESTSIDE SPIRITS / CEDAR RAPIDS,3330 16TH AVE. SW,CEDAR RAPIDS,52404,POINT(-91.715523662 41.96408718),,LINN,1012400.0,IRISH WHISKIES,370,PERNOD RICARD USA,15621,JAMESON MINI,12,50,13.2,19.8,1,19.8,0.05,0.01
INV-65722300005,2023-12-28,6023,VALLEY WEST CORNER STORE / WDM,1400 VALLEY WEST DR,WEST DES MOINES,50266,POINT(-93.752526964 41.593973013),,POLK,1012400.0,IRISH WHISKIES,370,PERNOD RICARD USA,15621,JAMESON MINI,12,50,13.2,19.8,1,19.8,0.05,0.01
INV-24115000013,2019-12-23,2619,HY-VEE WINE AND SPIRITS / WDM,1725  74TH ST,WEST DES MOINES,50266,POINT(-93.808855 41.598515),77,POLK,1012400.0,IRISH WHISKIES,370,PERNOD RICARD USA,15621,JAMESON MINI,10,50,11.88,17.82,1,17.82,0.05,0.01
INV-66830700003,2024-02-01,10266,FOUR CORNERS MARKET / MASON CITY,1306 4TH STREET SOUTHWEST,MASON CITY,50401,POINT(-93.221655019 43.148589992),,CERRO GORDO,1012400.0,IRISH WHISKIES,370,PERNOD RICARD USA,15621,JAMESON MINI,12,50,13.2,19.8,1,19.8,0.05,0.01
INV-21942900020,2019-09-17,2666,HY-VEE FOOD STORE #2 / STATE ANKENY,2510 SW STATE ST,ANKENY,50023,POINT(-93.621824 41.705188),77,POLK,1012400.0,IRISH WHISKIES,370.0,PERNOD RICARD USA,15621,JAMESON MINI,10,50,11.88,17.82,1,17.82,0.05,0.01
INV-74474800002,2024-09-19,2572,HY-VEE FOOD STORE / CEDAR FALLS,6301 UNIVERSITY,CEDAR FALLS,50613.0,POINT(-92.43651 42.51125),,BLACK HAWK,1012400,IRISH WHISKIES,370,PERNOD RICARD USA,15621,JAMESON MINI,12,50,13.2,19.8,1,19.8,0.05,0.01
INV-21057600016,2019-08-06,4185,FAREWAY STORES #737 / GRINNELL,727 WEST ST,GRINNELL,50112,POINT(-92.727347 41.741352),79,POWESHIEK,1701100.0,TEMPORARY & SPECIALTY PACKAGES,370.0,PERNOD RICARD USA,15642,JAMESON CASKMATES IPA MINI,10,50,7.92,11.88,1,11.88,0.05,0.01
INV-23791100014,2019-12-10,5645,PHILLIPS 66 / GRINNELL,1031 WEST ST,GRINNELL,50112,POINT(-92.727379 41.745903),79,POWESHIEK,1701100.0,TEMPORARY & SPECIALTY PACKAGES,370,PERNOD RICARD USA,15642,JAMESON CASKMATES IPA MINI,10,50,7.92,11.88,1,11.88,0.05,0.01
INV-21873000002,2019-09-12,4877,WORLD LIQUOR & TOBACCO,1775 NW 86TH ST,CLIVE,50325,POINT(-93.736232 41.607853),77,POLK,1701100.0,TEMPORARY & SPECIALTY PACKAGES,370.0,PERNOD RICARD USA,15642,JAMESON CASKMATES IPA MINI,10,50,7.92,11.88,1,11.88,0.05,0.01
INV-91766100005,2026-02-17,10005,THE CROWN LIQUOR / IOWA CITY,324 EAST WASHINGTON STREET,IOWA CITY,52240.0,POINT(-91.5306 41.66006),,JOHNSON,1011200,STRAIGHT BOURBON WHISKIES,260,DIAGEO AMERICAS,17089,BULLEIT BOURBON MINI,12,50,14.9,22.35,1,22.35,0.05,0.01
INV-91767700007,2026-02-17,2663,HY-VEE FOOD STORE / URBANDALE,8701 DOUGLAS,URBANDALE,50322.0,POINT(-93.73889 41.63036),,POLK,1011200,STRAIGHT BOURBON WHISKIES,259,HEAVEN HILL BRANDS,17951,EVAN WILLIAMS BLACK MINI,8,50,7.43,11.15,1,11.15,0.05,0.01
INV-66797600003,2024-01-31,3842,BANCROFT LIQUOR STORE,107 NORTH PORTLAND STREET,BANCROFT,50517,POINT(-94.218242017 43.293545997),,KOSSUTH,1011200.0,STRAIGHT BOURBON WHISKIES,259,HEAVEN HILL BRANDS,17951,EVAN WILLIAMS BLACK MINI,8,50,10.5,15.75,1,15.75,0.05,0.01
INV-41315000047,2021-10-25,6060,A TO Z LIQUOR / CHEROKEE,114 S 2ND ST,CHEROKEE,51012.0,,18,CHEROKEE,1011200.0,STRAIGHT BOURBON WHISKIES,184,FOUR ROSES DISTILLERY,18347,FOUR ROSES SMALL BATCH MINI,5,50,29.85,44.78,1,44.78,0.05,0.01
INV-42835800100,2021-12-13,2678,HY-VEE FAST & FRESH / DAVENPORT,3200 E KIMBERLY RD.,DAVENPORT,52807.0,POINT(-90.527278 41.553879),82,SCOTT,1011200.0,STRAIGHT BOURBON WHISKIES,184,FOUR ROSES DISTILLERY,18347,FOUR ROSES SMALL BATCH MINI,5,50,29.85,44.78,1,44.78,0.05,0.01
INV-44861000015,2022-02-18,6129,EAST END LIQUOR / DES MOINES,3804 HUBBELL AVE,DES MOINES,50317,POINT(-93.541387 41.630882),77,POLK,1011200.0,STRAIGHT BOURBON WHISKIES,184,FOUR ROSES DISTILLERY,18347,FOUR ROSES SMALL BATCH MINI,5,50,29.85,44.78,1,44.78,0.05,0.01
INV-63408900007,2023-10-18,6300,SOUTHGATE WINE & SPIRITS / AMES,110 AIRPORT ROAD,AMES,50010,POINT(-93.610765009 42.000515015),,STORY,1011200.0,STRAIGHT BOURBON WHISKIES,65,JIM BEAM BRANDS,19021,JIM BEAM BLACK MINI,12,50,8.3,12.45,1,12.45,0.05,0.01
INV-60035700005,2023-07-06,6248,QUICK STOP / CEDAR RAPIDS,380 BLAIRS FERRY ROAD NORTHEAST,CEDAR RAPIDS,52402,POINT(-91.638081331 42.035230218),,LINN,1011200.0,STRAIGHT BOURBON WHISKIES,65,JIM BEAM BRANDS,19021,JIM BEAM BLACK MINI,12,50,8.3,12.45,1,12.45,0.05,0.01
INV-50869000064,2022-09-01,5314,TOBACCO HUT & LIQUOR,3134 MANAWA CENTER DR. # 9,COUNCIL BLUFFS,51501,POINT(-95.847513 41.228594),,POTTAWATTAMIE,1011200.0,STRAIGHT BOURBON WHISKIES,65,JIM BEAM BRANDS,19021,JIM BEAM BLACK MINI,12,50,8.3,12.45,1,12.45,0.05,0.01
INV-37500600035,2021-06-15,2666,HY-VEE FOOD STORE #2 / STATE ANKENY,2510 SW STATE ST,ANKENY,50023.0,POINT(-93.621824 41.705188),77,POLK,1011200.0,STRAIGHT BOURBON WHISKIES,65,JIM BEAM BRANDS,19021,JIM BEAM BLACK MINI,12,50,7.3,10.95,1,10.95,0.05,0.01
INV-49178600091,2022-07-13,3390,OKOBOJI AVENUE LIQUOR,1610 OKOBOJI AVENUE,MILFORD,51351,POINT(-95.149955 43.331525),30,DICKINSON,1011200.0,STRAIGHT BOURBON WHISKIES,65,JIM BEAM BRANDS,19021,JIM BEAM BLACK MINI,12,50,8.3,12.45,1,12.45,0.05,0.01
INV-23487100054,2019-11-26,5678,SAVE MORE / DAVENPORT,405 E LOCUST ST,DAVENPORT,52803,POINT(-90.568875 41.538264),82,SCOTT,1011200.0,STRAIGHT BOURBON WHISKIES,65.0,JIM BEAM BRANDS,19021,JIM BEAM BLACK MINI,12,50,7.3,10.95,1,10.95,0.05,0.01
INV-38483000018,2021-07-20,5198,RIVERSIDE LIQUOR,826 E RIVER DR,DAVENPORT,52803.0,POINT(-90.561741 41.524926),82,SCOTT,1011200.0,STRAIGHT BOURBON WHISKIES,65.0,JIM BEAM BRANDS,19021,JIM BEAM BLACK MINI,12,50,7.3,10.95,1,10.95,0.05,0.01
INV-52913800002,2022-11-10,2572,HY-VEE FOOD STORE / CEDAR FALLS,6301 UNIVERSITY,CEDAR FALLS,50613.0,POINT(-92.43346 42.51353),,BLACK HAWK,1011200,STRAIGHT BOURBON WHISKIES,65,JIM BEAM BRANDS,19021,JIM BEAM BLACK MINI,12,50,8.3,12.45,1,12.45,0.05,0.01
INV-46594600007,2022-04-18,2508,HY-VEE FOOD STORE #1 / CEDAR RAPIDS,"1843 JOHNSON AVENUE, N.W.",CEDAR RAPIDS,52405,POINT(-91.697942 41.97447),57,LINN,1011200.0,STRAIGHT BOURBON WHISKIES,65,JIM BEAM BRANDS,19021,JIM BEAM BLACK MINI,12,50,8.3,12.45,1,12.45,0.05,0.01
INV-59783400012,2023-06-27,2578,HY-VEE / CHARLES CITY,901 KELLY ST,CHARLES CITY,50616,POINT(-92.675145042 43.067212986),,FLOYD,1011200.0,STRAIGHT BOURBON WHISKIES,65,JIM BEAM BRANDS,19021,JIM BEAM BLACK MINI,12,50,8.3,12.45,1,12.45,0.05,0.01
INV-22136400026,2019-09-25,3549,QUICKER LIQUOR STORE,1414 48TH ST,FORT MADISON,52627,POINT(-91.373211 40.624226),56,LEE,1011200.0,STRAIGHT BOURBON WHISKIES,65.0,JIM BEAM BRANDS,19021,JIM BEAM BLACK MINI,12,50,7.3,10.95,1,10.95,0.05,0.01
INV-50554800124,2022-08-22,2508,HY-VEE FOOD STORE #1 / CEDAR RAPIDS,"1843 JOHNSON AVENUE, N.W.",CEDAR RAPIDS,52405,POINT(-91.697942 41.97447),,LINN,1011200.0,STRAIGHT BOURBON WHISKIES,65,JIM BEAM BRANDS,19021,JIM BEAM BLACK MINI,12,50,8.3,12.45,1,12.45,0.05,0.01
INV-56132000081,2023-02-23,5314,TOBACCO HUT & LIQUOR,3134 MANAWA CENTER DR. # 9,COUNCIL BLUFFS,51501.0,POINT(-95.84749 41.2287),,POTTAWATTAMIE,1011200,STRAIGHT BOURBON WHISKIES,65,JIM BEAM BRANDS,19021,JIM BEAM BLACK MINI,12,50,8.3,12.45,1,12.45,0.05,0.01
INV-41222200018,2021-10-21,4853,KUM & GO #62 / JOHNSTON,6130 NW 86TH ST,JOHNSTON,50131.0,POINT(-93.736534 41.67184),77,POLK,1011200.0,STRAIGHT BOURBON WHISKIES,65,JIM BEAM BRANDS,19061,JIM BEAM MINI,12,50,7.0,10.5,1,10.5,0.05,0.01
INV-28878100034,2020-07-21,4947,THE MUSIC STATION,1420 W FIRST ST,CEDAR FALLS,50647,POINT(-92.462826 42.537839),7,BLACK HAWK,1011200.0,STRAIGHT BOURBON WHISKIES,65,JIM BEAM BRANDS,19061,JIM BEAM MINI,12,50,5.4,8.1,1,8.1,0.05,0.01
INV-64462900005,2023-11-20,6081,CIRCLE K / WDM,3501 EP TRUE PARKWAY,WEST DES MOINES,50265,POINT(-93.752454041 41.570638004),,POLK,1011200.0,STRAIGHT BOURBON WHISKIES,65,JIM BEAM BRANDS,19061,JIM BEAM MINI,12,50,7.0,10.5,1,10.5,0.05,0.01
INV-26700000029,2020-04-21,5219,KIRKWOOD LIQUOR & TOBACCO,"300, KIRKWOOD AVE",IOWA CITY,52240,POINT(-91.531628 41.649432),52,JOHNSON,1011200.0,STRAIGHT BOURBON WHISKIES,65,JIM BEAM BRANDS,19061,JIM BEAM MINI,12,50,5.4,8.1,1,8.1,0.05,0.01
INV-28827600044,2020-07-20,5340,KUM & GO #532/ WEST DSM,5901 MILLS CIVIC PKWY #2000,WEST DES MOINES,50266,POINT(-93.791014 41.55915),77,POLK,1011200.0,STRAIGHT BOURBON WHISKIES,65,JIM BEAM BRANDS,19061,JIM BEAM MINI,12,50,5.4,8.1,1,8.1,0.05,0.01
INV-23025100036,2019-11-05,5151,IDA LIQUOR,"500, HWY 175",IDA GROVE,51445,,47,IDA,1011200.0,STRAIGHT BOURBON WHISKIES,65,JIM BEAM BRANDS,19061,JIM BEAM MINI,12,50,5.4,8.1,1,8.1,0.05,0.01
INV-64479700011,2023-11-21,6331,MAIN STREET TOBACCO SHOP / MAQUOKETA,113 NORTH MAIN STREET,MAQUOKETA,52060,POINT(-90.665220986 42.069682983),,JACKSON,1011200.0,STRAIGHT BOURBON WHISKIES,65,JIM BEAM BRANDS,19061,JIM BEAM MINI,12,50,7.0,10.5,1,10.5,0.05,0.01
INV-69158300005,2024-04-12,6050,CASEY'S GENERAL STORE #2539 / SHENANDOAH,501 W CLARINDA AVE,SHENANDOAH,51601,POINT(-95.371467003 40.765467985),,PAGE,1011200.0,STRAIGHT BOURBON WHISKIES,65,JIM BEAM BRANDS,19061,JIM BEAM MINI,12,50,7.0,10.5,1,10.5,0.05,0.01
INV-88167100008,2025-10-31,10367,CASEY'S #4333 / CUMMING,5240 CUMMING AVENUE,CUMMING,50061.0,POINT(-93.77335 41.48306),,WARREN,1011200,STRAIGHT BOURBON WHISKIES,65,JIM BEAM BRANDS,19061,JIM BEAM MINI,12,50,7.0,10.5,1,10.5,0.05,0.01
INV-27590100011,2020-05-29,5888,BIG 10 MART #62 / BETTENDORF,999 MIDDLE RD,BETTENDORF,52722.0,POINT(-90.51902 41.539963),82,SCOTT,1011200.0,STRAIGHT BOURBON WHISKIES,65.0,JIM BEAM BRANDS,19061,JIM BEAM MINI,12,50,5.4,8.1,1,8.1,0.05,0.01
INV-61177900003,2023-08-11,6093,CASEY'S #2741 / SIDNEY,901 INDIANA ST,SIDNEY,51652,POINT(-95.646067958 40.748511018),,FREMONT,1011200.0,STRAIGHT BOURBON WHISKIES,65,JIM BEAM BRANDS,19061,JIM BEAM MINI,12,50,7.0,10.5,1,10.5,0.05,0.01
INV-26898200026,2020-04-28,4554,KUM & GO #229 / SIOUX CITY,1821 HAMILTON BLVD,SIOUX CITY,51103,POINT(-96.416824 42.510269),97,WOODBURY,1011200.0,STRAIGHT BOURBON WHISKIES,65,JIM BEAM BRANDS,19061,JIM BEAM MINI,12,50,5.4,8.1,1,8.1,0.05,0.01
INV-24178900012,2019-12-26,5862,SOUTHGATE EXPRESSE - AMES,110 AIRPORT ROAD,AMES,50010,POINT(-93.610827 42.00099),85,STORY,1011200.0,STRAIGHT BOURBON WHISKIES,65,JIM BEAM BRANDS,19061,JIM BEAM MINI,12,50,5.4,8.1,1,8.1,0.05,0.01
INV-54814500010,2023-01-10,2643,HY-VEE WINE AND SPIRITS / WATERLOO,2126 KIMBALL AVE,WATERLOO,50701,POINT(-92.35698 42.47029),,BLACK HAWK,1011200.0,STRAIGHT BOURBON WHISKIES,65,JIM BEAM BRANDS,19061,JIM BEAM MINI,12,50,7.0,10.5,1,10.5,0.05,0.01
INV-76834200006,2024-11-22,4622,QUIK TRIP #544 / SE 14TH DM,3941 SE 14TH ST,DES MOINES,50320.0,POINT(-93.59631 41.54858),,POLK,1011200,STRAIGHT BOURBON WHISKIES,65,JIM BEAM BRANDS,19061,JIM BEAM MINI,12,50,7.0,10.5,1,10.5,0.05,0.01
INV-40587600014,2021-09-30,4446,QUIK TRIP #513 / URBANDALE,4600 MERLE HAY RD,URBANDALE,50322,POINT(-93.697999 41.644296),77,POLK,1011200.0,STRAIGHT BOURBON WHISKIES,65,JIM BEAM BRANDS,19061,JIM BEAM MINI,12,50,7.0,10.5,1,8.1,0.05,0.01
INV-86006300005,2025-08-28,6170,CASEY'S GENERAL STORE #4 / DES MOINES,6565 NW 6TH DR,DES MOINES,50313.0,POINT(-93.62959 41.67967),,POLK,1011200,STRAIGHT BOURBON WHISKIES,65,JIM BEAM BRANDS,19061,JIM BEAM MINI,12,50,7.0,10.5,1,10.5,0.05,0.01
INV-94002800005,2026-04-23,4446,QUIK TRIP #513 / URBANDALE,4600 MERLE HAY ROAD,URBANDALE,50322.0,POINT(-93.69859 41.64444),,POLK,1011200,STRAIGHT BOURBON WHISKIES,65,JIM BEAM BRANDS,19061,JIM BEAM MINI,12,50,7.0,10.5,1,10.5,0.05,0.01
INV-38104300111,2021-07-06,5423,STAMMER LIQUOR CORP,615 2ND AVE,SHELDON,51201.0,POINT(-95.854899 43.184242),71,O'BRIEN,1011200.0,STRAIGHT BOURBON WHISKIES,65.0,JIM BEAM BRANDS,19061,JIM BEAM MINI,12,50,5.4,8.1,1,8.1,0.05,0.01
INV-73563300008,2024-08-25,5561,CASEY'S GENERAL STORE #32 / MADRID,117 N KENNEDY AVE,MADRID,50156,POINT(-93.815178002 41.877629986),,BOONE,1011200.0,STRAIGHT BOURBON WHISKIES,65,JIM BEAM BRANDS,19061,JIM BEAM MINI,12,50,7.0,10.5,1,10.5,0.05,0.01
INV-37804900047,2021-06-25,4359,KUM & GO #75 / WAUKEE,350 SE UNIVERSITY AVE,WAUKEE,50263.0,POINT(-93.865479 41.600403),25,DALLAS,1011200.0,STRAIGHT BOURBON WHISKIES,65,JIM BEAM BRANDS,19061,JIM BEAM MINI,12,50,5.4,8.1,1,8.1,0.05,0.01
INV-24711300024,2020-01-21,4910,PRIME MART #3 / WATERLOO,1008 LAPORTE RD,WATERLOO,50702,POINT(-92.322988 42.47658),7,BLACK HAWK,1011200.0,STRAIGHT BOURBON WHISKIES,65,JIM BEAM BRANDS,19061,JIM BEAM MINI,12,50,5.4,8.1,1,8.1,0.05,0.01
INV-92036400007,2026-02-25,4300,FAREWAY STORES #625 / OSKALOOSA,311  3RD AVE W,OSKALOOSA,52577.0,POINT(-92.64826 41.2926),,MAHASKA,1011200,STRAIGHT BOURBON WHISKIES,65,JIM BEAM BRANDS,19061,JIM BEAM MINI,12,50,7.0,10.5,1,10.5,0.05,0.01
INV-43485900015,2022-01-03,4594,QUIK TRIP #554 / SW 63RD DM,901 SW 63RD ST,DES MOINES,50312.0,POINT(-93.703165 41.569715),77,POLK,1011200.0,STRAIGHT BOURBON WHISKIES,65,JIM BEAM BRANDS,19061,JIM BEAM MINI,12,50,7.0,10.5,1,10.5,0.05,0.01
INV-91932100002,2026-02-23,3918,SMOKIN' JOE'S #1 TOBACCO AND LIQUOR OUTLET,3120 ROCKINGHAM RD,DAVENPORT,52802.0,POINT(-90.62161 41.51004),,SCOTT,1011200,STRAIGHT BOURBON WHISKIES,65,JIM BEAM BRANDS,19061,JIM BEAM MINI,12,50,7.0,10.5,1,10.5,0.05,0.01
INV-21310800075,2019-08-19,2527,HY-VEE FOOD STORE #5 / DES MOINES,1107 SE ARMY POST RD,DES MOINES,50315,POINT(-93.602372 41.526289),77,POLK,1011200.0,STRAIGHT BOURBON WHISKIES,65.0,JIM BEAM BRANDS,19061,JIM BEAM MINI,12,50,5.4,8.1,1,8.1,0.05,0.01
INV-32992700013,2020-12-24,5888,BIG 10 MART #62 / BETTENDORF,999 MIDDLE RD,BETTENDORF,52722.0,POINT(-90.51902 41.539963),82,SCOTT,1011200.0,STRAIGHT BOURBON WHISKIES,65.0,JIM BEAM BRANDS,19061,JIM BEAM MINI,12,50,5.4,8.1,1,8.1,0.05,0.01
INV-24620400007,2020-01-17,4622,QUIK TRIP #544 / SE 14TH DM,"3941, SE 14TH ST",DES MOINES,50320,POINT(-93.596748 41.548497),77,POLK,1011200.0,STRAIGHT BOURBON WHISKIES,65,JIM BEAM BRANDS,19061,JIM BEAM MINI,12,50,5.4,8.1,1,8.1,0.05,0.01
INV-33131100006,2020-12-31,4988,HAPPY'S WINE & SPIRITS,5925 UNIVERSITY AVE,CEDAR FALLS,50613.0,POINT(-92.429331 42.512766),7,BLACK HAWK,1011200.0,STRAIGHT BOURBON WHISKIES,65.0,JIM BEAM BRANDS,19061,JIM BEAM MINI,12,50,5.4,8.1,1,8.1,0.05,0.01
INV-45260100017,2022-03-03,4446,QUIK TRIP #513 / URBANDALE,4600 MERLE HAY RD,URBANDALE,50322.0,POINT(-93.697976 41.644476),77,POLK,1011200.0,STRAIGHT BOURBON WHISKIES,65,JIM BEAM BRANDS,19061,JIM BEAM MINI,12,50,7.0,10.5,1,10.5,0.05,0.01
INV-37923100097,2021-06-29,5460,SMOKIN JOE'S # 6 TOBACCO AND LIQUOR OUTLET,2411 2ND ST STE 4,CORALVILLE,52241.0,POINT(-91.599549 41.68363),52,JOHNSON,1011200.0,STRAIGHT BOURBON WHISKIES,65,JIM BEAM BRANDS,19061,JIM BEAM MINI,12,50,5.4,8.1,1,8.1,0.05,0.01
INV-25316000027,2020-02-18,5390,PG MINI MART,800 HAMILTON BLVD.,SIOUX CITY,51104,,97,WOODBURY,1011200.0,STRAIGHT BOURBON WHISKIES,65,JIM BEAM BRANDS,19061,JIM BEAM MINI,12,50,5.4,8.1,1,8.1,0.05,0.01
INV-90023100037,2025-12-23,2603,HY-VEE WINE AND SPIRITS / BETTENDORF,2890 DEVILS GLEN ROAD,BETTENDORF,52722.0,POINT(-90.48373 41.55236),,SCOTT,1011200,STRAIGHT BOURBON WHISKIES,65,JIM BEAM BRANDS,19061,JIM BEAM MINI,12,50,7.0,10.5,1,10.5,0.05,0.01
INV-34339100012,2021-02-16,4355,KUM & GO #124 / STORY CITY,1554 BROAD ST,STORY CITY,50248.0,POINT(-93.57573 42.187733),85,STORY,1011200.0,STRAIGHT BOURBON WHISKIES,65.0,JIM BEAM BRANDS,19061,JIM BEAM MINI,12,50,5.4,8.1,1,8.1,0.05,0.01
INV-43765000023,2022-01-13,5651,SUPER QUICK MART / WINDSOR HEIGHTS,7690 HICKMAN RD,WINDSOR HEIGHTS,50324.0,POINT(-93.722436 41.614669),77,POLK,1011200.0,STRAIGHT BOURBON WHISKIES,65,JIM BEAM BRANDS,19061,JIM BEAM MINI,12,50,7.0,10.5,1,10.5,0.05,0.01
INV-66490800022,2024-01-22,10165,SUPER MARKET / DAVENPORT,6723 NORTHWEST BOULEVARD,DAVENPORT,52806,POINT(-90.608956036 41.589559983),,SCOTT,1011200.0,STRAIGHT BOURBON WHISKIES,65,JIM BEAM BRANDS,19061,JIM BEAM MINI,12,50,7.0,10.5,1,10.5,0.05,0.01
INV-59817200009,2023-06-28,4665,CASEY'S GENERAL STORE #2896 / ANKENY,2601 SE CREEKVIEW DR,ANKENY,50021,POINT(-93.571112991 41.703609983),,POLK,1011200.0,STRAIGHT BOURBON WHISKIES,65,JIM BEAM BRANDS,19061,JIM BEAM MINI,12,50,7.0,10.5,1,10.5,0.05,0.01
INV-30363800007,2020-09-18,4385,KUM & GO #43 / NEW VIRGINIA,1453 CO HWY G76,NEW VIRGINIA,50210.0,,91,WARREN,1011200.0,STRAIGHT BOURBON WHISKIES,65.0,JIM BEAM BRANDS,19061,JIM BEAM MINI,12,50,5.4,8.1,1,8.1,0.05,0.01
INV-58641200008,2023-05-19,6021,CASEY'S GENERAL STORE #2315 / CORYDON,220 N WASHINGTON ST,CORYDON,50060,POINT(-93.318435994 40.7591740140001),,WAYNE,1011200.0,STRAIGHT BOURBON WHISKIES,65,JIM BEAM BRANDS,19061,JIM BEAM MINI,12,50,7.0,10.5,1,10.5,0.05,0.01
INV-68163000013,2024-03-12,3723,J D SPIRITS LIQUOR,1023  9TH ST,ONAWA,51040,POINT(-96.095582971 42.025913984),,MONONA,1011200.0,STRAIGHT BOURBON WHISKIES,65,JIM BEAM BRANDS,19061,JIM BEAM MINI,12,50,7.0,10.5,1,10.5,0.05,0.01
INV-83088500012,2025-05-30,2591,HY-VEE WINE AND SPIRITS / ATLANTIC,1602 E 7TH ST,ATLANTIC,50022.0,POINT(-94.99042 41.40387),,CASS,1011200,STRAIGHT BOURBON WHISKIES,65,JIM BEAM BRANDS,19061,JIM BEAM MINI,12,50,7.0,10.5,1,10.5,0.05,0.01
INV-64060200023,2023-11-08,2544,HY-VEE FOOD STORE (1403) / MARSHALLTOWN,802 SOUTH CENTER,MARSHALLTOWN,50158,POINT(-92.910550038 42.039069003),,MARSHALL,1011200.0,STRAIGHT BOURBON WHISKIES,65,JIM BEAM BRANDS,19061,JIM BEAM MINI,12,50,7.0,10.5,1,10.5,0.05,0.01
INV-75613900004,2024-10-22,6135,KIRKWOOD LIQUOR AND TOBACCO / IOWA CITY,300 KIRKWOOD AVE,IOWA CITY,52240.0,POINT(-91.5315 41.64943),,JOHNSON,1011200,STRAIGHT BOURBON WHISKIES,65,JIM BEAM BRANDS,19061,JIM BEAM MINI,12,50,7.0,10.5,1,10.5,0.05,0.01
INV-28057000014,2020-06-17,4725,CASEY'S GENERAL STORE #1548 / ANKENY,2905 W  1ST ST,ANKENY,50023.0,POINT(-93.638498 41.731708),77,POLK,1011200.0,STRAIGHT BOURBON WHISKIES,65.0,JIM BEAM BRANDS,19061,JIM BEAM MINI,12,50,5.4,8.1,1,8.1,0.05,0.01
INV-21708800026,2019-09-05,5164,BUCKY'S EXPRESS #22 / COUNCIL BLUFFS,3434 NEBRASKA AVE,COUNCIL BLUFFS,51501,POINT(-95.900444 41.244643),78,POTTAWATTAMIE,1011200.0,STRAIGHT BOURBON WHISKIES,65.0,JIM BEAM BRANDS,19061,JIM BEAM MINI,12,50,5.4,8.1,1,8.1,0.05,0.01
INV-23954000037,2019-12-16,4269,TIPTON FAMILY FOODS,610 CEDAR ST,TIPTON,52772,POINT(-91.128389 41.771753),16,CEDAR,1011200.0,STRAIGHT BOURBON WHISKIES,65,JIM BEAM BRANDS,19061,JIM BEAM MINI,12,50,5.4,8.1,1,8.1,0.05,0.01
INV-67188600003,2024-02-12,5091,KUM & GO #1436 / MUSCATINE,416 CEDAR ST,MUSCATINE,52671,POINT(-91.045682026 41.424168018),,MUSCATINE,1011200.0,STRAIGHT BOURBON WHISKIES,65,JIM BEAM BRANDS,19061,JIM BEAM MINI,12,50,7.0,10.5,1,10.5,0.05,0.01
INV-34530300011,2021-02-23,6110,MOES MART #12 / HOSPERS,107 HOSPERS DR S,HOSPERS,51238.0,POINT(-95.907128 43.072147),84,SIOUX,1011200.0,STRAIGHT BOURBON WHISKIES,65.0,JIM BEAM BRANDS,19061,JIM BEAM MINI,12,50,5.4,8.1,1,8.1,0.05,0.01
INV-48089800005,2022-06-06,5190,GUPPY'S ON THE GO / WALFORD,200 HWY 151 E,WALFORD,52351,POINT(-91.828571 41.881821),57,LINN,1011200.0,STRAIGHT BOURBON WHISKIES,65,JIM BEAM BRANDS,19061,JIM BEAM MINI,12,50,7.0,10.5,1,10.5,0.05,0.01
INV-25263800011,2020-02-17,4230,FAREWAY STORES #106 / CLIVE,10151 UNIVERSITY AVE,CLIVE,50325,POINT(-93.756489 41.600511),77,POLK,1011200.0,STRAIGHT BOURBON WHISKIES,65,JIM BEAM BRANDS,19061,JIM BEAM MINI,12,50,5.4,8.1,1,8.1,0.05,0.01
INV-77909900065,2024-12-23,6236,WESTSIDE SPIRITS / CEDAR RAPIDS,3330 16TH AVE. SW,CEDAR RAPIDS,52404.0,POINT(-91.71559 41.96359),,LINN,1011200,STRAIGHT BOURBON WHISKIES,65,JIM BEAM BRANDS,19061,JIM BEAM MINI,12,50,7.0,10.5,1,10.5,0.05,0.01
INV-45207100005,2022-07-25,4594,QUIK TRIP #554 / SW 63RD DM,901 SW 63RD ST,DES MOINES,50312,POINT(-93.703165 41.569715),,POLK,1011200.0,STRAIGHT BOURBON WHISKIES,65,JIM BEAM BRANDS,19061,JIM BEAM MINI,12,50,7.0,10.5,1,10.5,0.05,0.01
INV-48054300021,2022-06-04,4464,PERFECT VALUE LIQUOR MART,5B  LINCOLN AVE,ELDRIDGE,52748,POINT(-90.547912 41.695152),82,SCOTT,1011200.0,STRAIGHT BOURBON WHISKIES,65,JIM BEAM BRANDS,19061,JIM BEAM MINI,12,50,7.0,10.5,1,10.5,0.05,0.01
INV-28428700053,2020-07-01,5070,JEFF'S MARKET / WILTON,101 E 4TH ST,WILTON,52778,POINT(-91.016579 41.58873),70,MUSCATINE,1011200.0,STRAIGHT BOURBON WHISKIES,65,JIM BEAM BRANDS,19061,JIM BEAM MINI,12,50,5.4,8.1,1,8.1,0.05,0.01
INV-62028300012,2023-09-08,6176,MINI-MART / CEDAR FALLS,1420 WEST 1ST STREET,CEDAR FALLS,50613,POINT(-92.462798996 42.537445986),,BLACK HAWK,1011200.0,STRAIGHT BOURBON WHISKIES,65,JIM BEAM BRANDS,19061,JIM BEAM MINI,12,50,7.0,10.5,1,10.5,0.05,0.01
INV-74281100002,2024-09-15,4448,KUM & GO #572 / URBANDALE,4860 NW URBANDALE DR,URBANDALE,50322.0,POINT(-93.769419349 41.646121904),,POLK,1011200,STRAIGHT BOURBON WHISKIES,65,JIM BEAM BRANDS,19061,JIM BEAM MINI,12,50,7.0,10.5,1,10.5,0.05,0.01
INV-71732900002,2024-06-30,5507,QUIK TRIP #559 / FLEUR,4021 FLEUR DR,DES MOINES,50321,POINT(-93.644018031 41.547779004),,POLK,1011200.0,STRAIGHT BOURBON WHISKIES,65,JIM BEAM BRANDS,19061,JIM BEAM MINI,12,50,7.0,10.5,1,10.5,0.05,0.01
INV-24037000074,2019-12-19,5676,FAMILY PANTRY,4538 LOWER BEAVER RD,DES MOINES,50310,POINT(-93.665871 41.638673),77,POLK,1011200.0,STRAIGHT BOURBON WHISKIES,65,JIM BEAM BRANDS,19061,JIM BEAM MINI,12,50,5.4,8.1,1,8.1,0.05,0.01
INV-76085000009,2024-11-05,6255,KWIK STAR #1165 / SIBLEY,1694 PIERCE AVENUE,SIBLEY,51249.0,POINT(-95.72266 43.40461),,OSCEOLA,1011200,STRAIGHT BOURBON WHISKIES,65,JIM BEAM BRANDS,19061,JIM BEAM MINI,12,50,7.0,10.5,1,10.5,0.05,0.01
INV-39553500025,2021-08-25,2522,HY-VEE WINE AND SPIRITS / SPIRIT LAKE,HWY 9 & 71,SPIRIT LAKE,51360.0,,30,DICKINSON,1011200.0,STRAIGHT BOURBON WHISKIES,65,JIM BEAM BRANDS,19061,JIM BEAM MINI,12,50,5.4,8.1,1,8.1,0.05,0.01
INV-22276800007,2019-10-02,5316,BROTHER'S MARKET/ SIGOURNEY,118 SOUTH MAIN STREET,SIGOURNEY,52591,POINT(-92.205098 41.332944),54,KEOKUK,1011200.0,STRAIGHT BOURBON WHISKIES,65.0,JIM BEAM BRANDS,19061,JIM BEAM MINI,12,50,5.4,8.1,1,8.1,0.05,0.01
INV-78149700006,2024-12-30,2683,HY-VEE FAST & FRESH / WDM,425 S JORDAN CREEK PKWY,WEST DES MOINES,50266.0,POINT(-93.80947 41.56269),,POLK,1011200,STRAIGHT BOURBON WHISKIES,65,JIM BEAM BRANDS,19061,JIM BEAM MINI,12,50,7.0,10.5,1,10.5,0.05,0.01
INV-50583300003,2022-08-23,4427,KUM & GO #507 / NORTH LIBERTY,610 N KANSAS AVE,NORTH LIBERTY,52317,POINT(-91.636982 41.752948),,JOHNSON,1011200.0,STRAIGHT BOURBON WHISKIES,65,JIM BEAM BRANDS,19061,JIM BEAM MINI,12,50,7.0,10.5,1,10.5,0.05,0.01
INV-33866100009,2021-01-28,2536,HY-VEE / PLEASANT HILL,4815 MAPLE DRIVE,PLEASANT HILL,50317.0,POINT(-93.519187 41.598109),77,POLK,1011200.0,STRAIGHT BOURBON WHISKIES,65.0,JIM BEAM BRANDS,19471,MAKER''S MARK MINI,10,50,16.44,24.66,1,24.66,0.05,0.01
INV-28820300044,2020-07-20,2190,"CENTRAL CITY LIQUOR, INC.",1460 2ND AVE,DES MOINES,50314,POINT(-93.619787 41.60566),77,POLK,1011200.0,STRAIGHT BOURBON WHISKIES,65,JIM BEAM BRANDS,19471,MAKER''S MARK MINI,10,50,16.44,24.66,1,24.66,0.05,0.01
INV-58999100010,2023-06-02,5651,SUPER QUICK MART / WINDSOR HEIGHTS,7690 HICKMAN RD,WINDSOR HEIGHTS,50324,POINT(-93.722437021 41.614007019),,POLK,1011200.0,STRAIGHT BOURBON WHISKIES,65,JIM BEAM BRANDS,19471,MAKERS MARK MINI,10,50,16.8,25.2,1,25.2,0.05,0.01
INV-51936000001,2022-10-10,2619,HY-VEE WINE AND SPIRITS / WDM,1725  74TH ST,WEST DES MOINES,50266,POINT(-93.808855 41.598515),,POLK,1011200.0,STRAIGHT BOURBON WHISKIES,65,JIM BEAM BRANDS,19471,MAKERS MARK MINI,10,50,16.8,25.2,1,25.2,0.05,0.01
INV-63684800017,2023-10-26,5651,SUPER QUICK MART / WINDSOR HEIGHTS,7690 HICKMAN RD,WINDSOR HEIGHTS,50324,POINT(-93.722437021 41.614007019),,POLK,1011200.0,STRAIGHT BOURBON WHISKIES,65,JIM BEAM BRANDS,19471,MAKERS MARK MINI,10,50,16.8,25.2,1,25.2,0.05,0.01
INV-86128200008,2025-09-02,10024,HY-VEE FAST AND FRESH #2 (7591) / WEST DES MOINES,9150 SOUTHEAST UNIVERSITY AVENUE,WEST DES MOINES,50266.0,POINT(-93.83246 41.60043),,POLK,1011200,STRAIGHT BOURBON WHISKIES,65,JIM BEAM BRANDS,19471,MAKERS MARK MINI,10,50,16.8,25.2,1,25.2,0.05,0.01
INV-79000600014,2025-01-24,2560,HY-VEE FOOD STORE (1396) / MARION,3600 BUSINESS HWY 151 EAST,MARION,52302.0,POINT(-91.57201 42.03599),,LINN,1011200,STRAIGHT BOURBON WHISKIES,65,JIM BEAM BRANDS,19471,MAKERS MARK MINI,10,50,16.8,25.2,1,25.2,0.05,0.01
INV-36089100101,2021-04-23,2613,HY-VEE FOOD STORE #1 / COUNCIL BLUFFS,2323 W BROADWAY,COUNCIL BLUFFS,51501.0,POINT(-95.879662 41.261925),78,POTTAWATTAMIE,1011200.0,STRAIGHT BOURBON WHISKIES,65,JIM BEAM BRANDS,19471,MAKERS MARK MINI,10,50,16.44,24.66,1,24.66,0.05,0.01
INV-72661600007,2024-07-29,5051,OASIS,630 SW  9TH ST,DES MOINES,50309,POINT(-93.625370978 41.575594014),,POLK,1011200.0,STRAIGHT BOURBON WHISKIES,65,JIM BEAM BRANDS,19471,MAKERS MARK MINI,10,50,16.8,25.2,1,25.2,0.05,0.01
INV-62435300007,2023-09-19,3054,MCNALLY'S SUPER VALU,1026 MAIN,GRINNELL,50112,POINT(-92.725358006 41.745640995),,POWESHIEK,1011200.0,STRAIGHT BOURBON WHISKIES,65,JIM BEAM BRANDS,19471,MAKERS MARK MINI,10,50,16.8,25.2,1,25.2,0.05,0.01
INV-87848000013,2025-10-22,2545,HY-VEE DRUGSTORE (7042) / IOWA CITY,310 N 1ST ST,IOWA CITY,52245.0,POINT(-91.5021 41.66608),,JOHNSON,1011200,STRAIGHT BOURBON WHISKIES,65,JIM BEAM BRANDS,19471,MAKERS MARK MINI,10,50,16.8,25.2,1,25.2,0.05,0.01
INV-22579000067,2019-10-16,2285,JOHN'S GROCERY,401 EAST MARKET ST,IOWA CITY,52240,POINT(-91.529854 41.663541),52,JOHNSON,1011200.0,STRAIGHT BOURBON WHISKIES,619.0,CAMPARI AMERICA,22151,WILD TURKEY 101 MINI,12,50,12.45,18.68,1,18.68,0.05,0.01
INV-26775300015,2020-04-23,4757,EZ MART / BONDURANT,1111 SE LINCOLN ST,BONDURANT,50035,POINT(-93.457069 41.692534),77,POLK,1011200.0,STRAIGHT BOURBON WHISKIES,619,CAMPARI AMERICA,22151,WILD TURKEY 101 MINI,12,50,12.45,18.68,1,18.68,0.05,0.01
INV-42973100022,2021-12-16,5803,CASEY'S GENERAL STORE #3333 / PLEASANT HILL,5550 E UNIVERSITY AVE,PLEASANT HILL,50327.0,POINT(-93.50413 41.599179),77,POLK,1011200.0,STRAIGHT BOURBON WHISKIES,619,CAMPARI AMERICA,22151,WILD TURKEY 101 MINI,10,50,14.94,22.41,1,22.41,0.05,0.01
INV-45355100127,2022-07-28,2651,HY-VEE / WAVERLY,1311 4 STREET SW,WAVERLY,50677,POINT(-92.475403 42.712263),,BREMER,1011200.0,STRAIGHT BOURBON WHISKIES,619,CAMPARI AMERICA,22151,WILD TURKEY 101 MINI,10,50,14.94,22.41,1,22.41,0.05,0.01
INV-27029200020,2020-05-05,4904,LARCHWOOD QUICK STOP,832 BROADWAY ST,LARCHWOOD,51241,POINT(-96.43415 43.45255),60,LYON,1011200.0,STRAIGHT BOURBON WHISKIES,619,CAMPARI AMERICA,22151,WILD TURKEY 101 MINI,12,50,12.45,18.68,1,18.68,0.05,0.01
INV-21887500054,2019-09-13,2506,HY-VEE #1044 / BURLINGTON,3140 AGENCY,BURLINGTON,52601,POINT(-91.136655 40.814666),29,DES MOINES,1011200.0,STRAIGHT BOURBON WHISKIES,619.0,CAMPARI AMERICA,22151,WILD TURKEY 101 MINI,12,50,12.45,18.68,1,18.68,0.05,0.01
INV-66922800019,2024-02-05,2200,SAC LIQUOR STORE,619 E MAIN ST,SAC CITY,50583,POINT(-94.974016014 42.421618017),,SAC,1011200.0,STRAIGHT BOURBON WHISKIES,619,CAMPARI AMERICA,22151,WILD TURKEY 101 MINI,10,50,14.94,22.41,1,22.41,0.05,0.01
INV-48007900002,2022-06-03,2627,HY-VEE WINE & SPIRITS #1 / MLK,3330 MARTIN LUTHER KING JR PKWY,DES MOINES,50310,POINT(-93.650787 41.625924),77,POLK,1011200.0,STRAIGHT BOURBON WHISKIES,619,CAMPARI AMERICA,22151,WILD TURKEY 101 MINI,10,50,14.94,22.41,1,22.41,0.05,0.01
INV-92661700010,2026-03-16,5873,WEST D LIQUORS,5014 EP TRUE PKWY,WEST DES MOINES,50265.0,POINT(-93.77255 41.57154),,POLK,1011200,STRAIGHT BOURBON WHISKIES,85,BROWN FORMAN CORP.,22209,WOODFORD RESERVE MINI,10,50,18.0,27.0,1,27.0,0.05,0.01
INV-92750000008,2026-03-18,2647,HY-VEE #7 / CEDAR RAPIDS,5050 EDGEWOOD RD,CEDAR RAPIDS,52411.0,POINT(-91.7014 42.03062),,LINN,1011200,STRAIGHT BOURBON WHISKIES,85,BROWN FORMAN CORP.,22209,WOODFORD RESERVE MINI,10,50,18.0,27.0,1,27.0,0.05,0.01
INV-90762200011,2026-01-15,5889,SUPER QUICK LIQUOR / WDM,1800 22ND ST,WEST DES MOINES,50266.0,POINT(-93.7366 41.59907),,POLK,1011200,STRAIGHT BOURBON WHISKIES,65,JIM BEAM BRANDS,22776,JIM BEAM PINEAPPLE MINI,12,50,7.0,10.5,1,10.5,0.05,0.01
INV-84082300019,2025-07-01,2549,HY-VEE FOOD STORE (1271) / INDIANOLA,910 N JEFFERSON,INDIANOLA,50125.0,POINT(-93.55702 41.36867),,WARREN,1011200,STRAIGHT BOURBON WHISKIES,65,JIM BEAM BRANDS,22776,JIM BEAM PINEAPPLE MINI,12,50,7.0,10.5,1,10.5,0.05,0.01
INV-87454000013,2025-10-10,6140,ROYAL FOOD & LIQUOR / DES MOINES,1443 2ND AVE,DES MOINES,50314.0,POINT(-93.61948 41.60511),,POLK,1011200,STRAIGHT BOURBON WHISKIES,65,JIM BEAM BRANDS,22776,JIM BEAM PINEAPPLE MINI,12,50,7.0,10.5,1,10.5,0.05,0.01
INV-80565300019,2025-03-14,4794,SMOKIN' JOE'S #17 TOBACCO AND LIQUOR OUTLET,110 S ROOSEVELT HWY 61,BURLINGTON,52601.0,POINT(-91.14119 40.80939),,DES MOINES,1011100,BLENDED WHISKIES,65,JIM BEAM BRANDS,24451,KESSLER BLEND WHISKEY MINI,12,50,5.4,8.1,1,8.1,0.05,0.01
INV-73617600008,2024-08-27,3959,HARTIG DRUG COMPANY #8/UNIVERSITY,1600 UNIVERSITY AVE,DUBUQUE,52001.0,POINT(-90.687477035 42.497896018),,DUBUQUE,1011100,BLENDED WHISKIES,65,JIM BEAM BRANDS,24451,KESSLER BLEND WHISKEY MINI,12,50,5.4,8.1,1,8.1,0.05,0.01
INV-51148300013,2022-09-12,2721,HY-VEE C-STORE #3 / DUBUQUE,300 S LOCUST,DUBUQUE,52003,POINT(-90.663831 42.486757),,DUBUQUE,1011100.0,BLENDED WHISKIES,65,JIM BEAM BRANDS,24451,KESSLER BLEND WHISKEY MINI,12,50,5.4,8.1,1,8.1,0.05,0.01
INV-48465900005,2022-06-17,3849,HARTIG DRUG CO #6 / DYERSVILLE,711  16TH AVE SE,DYERSVILLE,52040,POINT(-91.116087 42.470285),31,DUBUQUE,1011100.0,BLENDED WHISKIES,65,JIM BEAM BRANDS,24451,KESSLER BLEND WHISKEY MINI,12,50,5.4,8.1,1,8.1,0.05,0.01
INV-25333300028,2020-02-19,4743,FAMILY FARE #791,1801 VALLEY VIEW DR,COUNCIL BLUFFS,51503,POINT(-95.818775 41.24394),78,POTTAWATTAMIE,1011100.0,BLENDED WHISKIES,65,JIM BEAM BRANDS,24451,KESSLER BLEND WHISKEY MINI,12,50,5.4,8.1,1,8.1,0.05,0.01
INV-27624700072,2020-06-01,3920,SMOKIN' JOE'S #11 TOBACCO AND LIQUOR OUTLET,1606 CAMANCHE AVE,CLINTON,52732.0,POINT(-90.204748 41.827845),23,CLINTON,1011100.0,BLENDED WHISKIES,65.0,JIM BEAM BRANDS,24451,KESSLER BLEND WHISKEY MINI,12,50,5.4,8.1,1,8.1,0.05,0.01
INV-77536000047,2024-12-13,2649,HY-VEE #3 / DUBUQUE,400 LOCUST ST,DUBUQUE,52001.0,POINT(-90.66657 42.49736),,DUBUQUE,1011100,BLENDED WHISKIES,65,JIM BEAM BRANDS,24451,KESSLER BLEND WHISKEY MINI,12,50,5.4,8.1,1,8.1,0.05,0.01
INV-45380000004,2022-07-29,5671,RUSS'S MARKET #30,900 S LOCUST,GLENWOOD,51534,POINT(-95.746074 41.038141),,MILLS,1011100.0,BLENDED WHISKIES,65,JIM BEAM BRANDS,24451,KESSLER BLEND WHISKEY MINI,12,50,5.4,8.1,1,8.1,0.05,0.01
INV-39995700016,2021-09-11,6130,HIWAY 20 LIQUOR AND TOBACCO / FORT DODGE,1724 5TH AVE S,FORT DODGE,50501,POINT(-94.173816 42.501131),94,WEBSTER,1011100.0,BLENDED WHISKIES,65,JIM BEAM BRANDS,24451,KESSLER BLEND WHISKEY MINI,12,50,5.4,8.1,1,8.1,0.05,0.01
INV-45471200034,2022-03-11,5332,CASEY'S GENERAL STORE # 3507/ GRIMES,951 SE GATEWAY DR.,GRIMES,50111.0,POINT(-93.777205 41.681101),77,POLK,1011100.0,BLENDED WHISKIES,421,SAZERAC COMPANY  INC,24860,99 WHISKEY MINI,10,50,6.0,9.0,1,9.0,0.05,0.01
INV-61206500020,2023-08-14,2619,HY-VEE WINE AND SPIRITS / WDM,1725  74TH ST,WEST DES MOINES,50266,POINT(-93.719039516 41.609351573),,POLK,1011100.0,BLENDED WHISKIES,260,DIAGEO AMERICAS,25601,SEAGRAMS 7 CROWN MINI,12,50,6.17,9.26,1,9.26,0.05,0.01
INV-47197600095,2022-05-06,4794,SMOKIN' JOE'S #17 TOBACCO AND LIQUOR OUTLET,110 S ROOSEVELT HWY 61,BURLINGTON,52601.0,POINT(-91.141203 40.809437),29,DES MOINES,1011100.0,BLENDED WHISKIES,260,DIAGEO AMERICAS,25601,SEAGRAMS 7 CROWN MINI,12,50,6.17,9.26,1,9.26,0.05,0.01
INV-47111100014,2022-05-04,2622,HY-VEE FOOD STORE / IOWA CITY,1125 N DODGE ST,IOWA CITY,52240.0,POINT(-91.518868 41.676095),52,JOHNSON,1011100.0,BLENDED WHISKIES,260,DIAGEO AMERICAS,25601,SEAGRAMS 7 CROWN MINI,12,50,6.17,9.26,1,9.26,0.05,0.01
INV-46388300009,2022-04-11,4967,JEFF'S MARKET / BLUE GRASS,"102, W MAYNE ST",BLUE GRASS,52726,POINT(-90.766126 41.509119),82,SCOTT,1011100.0,BLENDED WHISKIES,260,DIAGEO AMERICAS,25601,SEAGRAMS 7 CROWN MINI,12,50,6.17,9.26,1,9.26,0.05,0.01
INV-42324300041,2021-11-24,2625,HY-VEE WINE & SPIRITS #2 / DAVENPORT,3301 W KIMBERLY RD,DAVENPORT,52804.0,,82,SCOTT,1011100.0,BLENDED WHISKIES,260,DIAGEO AMERICAS,25601,SEAGRAMS 7 CROWN MINI,12,50,6.17,9.26,1,9.26,0.05,0.01
INV-26512600019,2020-04-13,4787,380BP / SWISHER,2722 NE 120TH ST,SWISHER,52338,POINT(-91.664592 41.847894),52,JOHNSON,1011100.0,BLENDED WHISKIES,260,DIAGEO AMERICAS,25601,SEAGRAMS 7 CROWN MINI,12,50,6.17,9.26,1,9.26,0.05,0.01
INV-47645500020,2022-05-20,6101,BREW OIL #26 / POCAHONTAS,14 E ELM AVE,POCAHONTAS,50574.0,POINT(-94.667311 42.732607),76,POCAHONTAS,1011100.0,BLENDED WHISKIES,260,DIAGEO AMERICAS,25601,SEAGRAMS 7 CROWN MINI,12,50,6.17,9.26,1,9.26,0.05,0.01
INV-38860400004,2021-08-02,2597,HY-VEE FOOD STORE / CHEROKEE,1300 N. SECOND,CHEROKEE,51012.0,POINT(-95.552585 42.765259),18,CHEROKEE,1011100.0,BLENDED WHISKIES,260,DIAGEO AMERICAS,25601,SEAGRAMS 7 CROWN MINI,12,50,6.17,9.26,1,9.26,0.05,0.01
INV-38311100013,2021-07-14,5691,LOGAN AVE CONVENIENCE STORE / WATERLOO,735 LOGAN AVE,WATERLOO,50703.0,POINT(-92.337744 42.510453),7,BLACK HAWK,1011100.0,BLENDED WHISKIES,260.0,DIAGEO AMERICAS,25601,SEAGRAMS 7 CROWN MINI,12,50,6.17,9.26,1,9.26,0.05,0.01
INV-24647500029,2020-01-17,2591,HY-VEE WINE AND SPIRITS / ATLANTIC,1602 E 7TH ST,ATLANTIC,50022,POINT(-94.990031 41.403856),15,CASS,1011100.0,BLENDED WHISKIES,260,DIAGEO AMERICAS,25601,SEAGRAMS 7 CROWN MINI,12,50,6.17,9.26,1,9.26,0.05,0.01
INV-29544400038,2020-08-18,4638,GD XPRESS / DAVENPORT,4607 N PINE ST,DAVENPORT,52804,,82,SCOTT,1011100.0,BLENDED WHISKIES,260,DIAGEO AMERICAS,25601,SEAGRAMS 7 CROWN MINI,12,50,6.17,9.26,1,9.26,0.05,0.01
INV-42722400031,2021-12-08,4296,CIRCLE B MARKET,111 MAIN ST,KEOSAUQUA,52565.0,POINT(-91.962466 40.7294),89,VAN BUREN,1011100.0,BLENDED WHISKIES,260,DIAGEO AMERICAS,25601,SEAGRAMS 7 CROWN MINI,12,50,6.17,9.26,1,9.26,0.05,0.01
INV-43758400035,2022-01-13,4147,FAREWAY STORES #974 / CEDAR FALLS,214 N MAGNOLIA DR,CEDAR FALLS,50613.0,POINT(-92.474692 42.539053),7,BLACK HAWK,1011100.0,BLENDED WHISKIES,260,DIAGEO AMERICAS,25601,SEAGRAMS 7 CROWN MINI,12,50,6.17,9.26,1,9.26,0.05,0.01
INV-45108900059,2022-02-25,5915,THE HUT / COUNCIL BLUFFS,1925 W BROADWAY,COUNCIL BLUFFS,51501,POINT(-95.873109 41.261866),78,POTTAWATTAMIE,1011100.0,BLENDED WHISKIES,260,DIAGEO AMERICAS,25601,SEAGRAMS 7 CROWN MINI,12,50,6.17,9.26,1,9.26,0.05,0.01
INV-84755900025,2025-07-23,2585,HY-VEE WINE AND SPIRITS (1010) / ALGONA,1502 HIGHWAY 169 N SUITE 1,ALGONA,50511.0,POINT(-94.23491 43.08174),,KOSSUTH,1011100,BLENDED WHISKIES,260,DIAGEO AMERICAS,25601,SEAGRAMS 7 CROWN MINI,12,50,6.17,9.26,1,9.26,0.05,0.01
INV-43061500036,2021-12-20,2619,HY-VEE WINE AND SPIRITS / WDM,1725  74TH ST,WEST DES MOINES,50266.0,POINT(-93.808855 41.598515),77,POLK,1011100.0,BLENDED WHISKIES,260,DIAGEO AMERICAS,25601,SEAGRAMS 7 CROWN MINI,12,50,6.17,9.26,1,9.26,0.05,0.01
INV-39856100010,2021-09-07,3959,HARTIG DRUG COMPANY #8/UNIVERSITY,1600 UNIVERSITY AVE,DUBUQUE,52001,POINT(-90.688027 42.498279),31,DUBUQUE,1011100.0,BLENDED WHISKIES,260,DIAGEO AMERICAS,25601,SEAGRAMS 7 CROWN MINI,12,50,6.17,9.26,1,9.26,0.05,0.01
INV-53928000117,2022-12-13,2665,HY-VEE / WAUKEE,1005 E HICKMAN RD,WAUKEE,50263.0,POINT(-93.85433 41.61507),,DALLAS,1011100,BLENDED WHISKIES,260,DIAGEO AMERICAS,25601,SEAGRAMS 7 CROWN MINI,12,50,6.17,9.26,1,9.26,0.05,0.01
INV-72613700006,2024-07-26,2629,HY-VEE FOOD STORE #2 / COUNCIL BLUFFS,1745 MADISON AVE,COUNCIL BLUFFS,51503,POINT(-95.822889989 41.245741021),,POTTAWATTAMIE,1011100.0,BLENDED WHISKIES,260,DIAGEO AMERICAS,25601,SEAGRAMS 7 CROWN MINI,12,50,6.17,9.26,1,9.26,0.05,0.01
INV-81532800019,2025-04-11,2551,HY-VEE FOOD STORE (1065) / CHARITON,2001 WEST COURT,CHARITON,50049.0,POINT(-93.32302 41.01568),,LUCAS,1011100,BLENDED WHISKIES,654,REVELTON DISTILLING COMPANY,25766,REVELTON HONEY WHISKEY MINI,6,50,12.0,18.0,1,18.0,0.05,0.01
INV-91758800013,2026-02-17,6239,LARCHWOOD QUICK STOP / LARCHWOOD,832 BROADWAY STREET,LARCHWOOD,51241.0,POINT(-96.43415 43.45271),,LYON,1011100,BLENDED WHISKIES,492,WESTERN SPIRITS BEVERAGE,26160,BIRD DOG APPLE MINI,6,50,5.0,7.5,1,7.5,0.05,0.01
INV-87304900007,2025-10-06,6331,MAIN STREET TOBACCO SHOP / MAQUOKETA,113 NORTH MAIN STREET,MAQUOKETA,52060.0,POINT(-90.66551 42.06967),,JACKSON,1011100,BLENDED WHISKIES,492,WESTERN SPIRITS BEVERAGE,26160,BIRD DOG APPLE MINI,6,50,5.0,7.5,1,7.5,0.05,0.01
INV-71163000041,2024-06-12,2501,HY-VEE  #2 (1018) / AMES,640 LINCOLNWAY,AMES,50010,POINT(-93.619668015 42.020044011),,STORY,1011100.0,BLENDED WHISKIES,492,WESTERN SPIRITS BEVERAGE,26160,BIRD DOG APPLE MINI,6,50,5.0,7.5,1,7.5,0.05,0.01
INV-67967200007,2024-03-06,5649,THE DEPOT TIFFIN,221 W MARENGO RD,TIFFIN,52340,POINT(-91.665702468 41.706714724),,JOHNSON,1011100.0,BLENDED WHISKIES,492,WESTERN SPIRITS BEVERAGE,26162,BIRD DOG BLACKBERRY MINI,6,50,5.0,7.5,1,7.5,0.05,0.01
INV-79141700038,2025-01-29,2501,HY-VEE  #2 (1018) / AMES,640 LINCOLNWAY,AMES,50010.0,POINT(-93.61869 42.02028),,STORY,1011100,BLENDED WHISKIES,492,WESTERN SPIRITS BEVERAGE,26162,BIRD DOG BLACKBERRY MINI,6,50,5.0,7.5,1,7.5,0.05,0.01
INV-79189800015,2025-01-30,6323,"FAREWAY STORES, INC. #225 / DES MOINES",2716 BEAVER AVENUE,DES MOINES,50310.0,POINT(-93.67335 41.61982),,POLK,1011100,BLENDED WHISKIES,492,WESTERN SPIRITS BEVERAGE,26162,BIRD DOG BLACKBERRY MINI,6,50,5.0,7.5,1,7.5,0.05,0.01
INV-71632900011,2024-06-26,2555,HY-VEE FOOD STORE (1324) / KEOKUK,3111 MAIN,KEOKUK,52632,POINT(-91.402581032 40.416535014),,LEE,1011100.0,BLENDED WHISKIES,492,WESTERN SPIRITS BEVERAGE,26162,BIRD DOG BLACKBERRY MINI,6,50,5.0,7.5,1,7.5,0.05,0.01
INV-43233200148,2021-12-23,2651,HY-VEE / WAVERLY,1311 4 STREET SW,WAVERLY,50677.0,POINT(-92.475403 42.712263),9,BREMER,1011100.0,BLENDED WHISKIES,492,WESTERN SPIRITS BEVERAGE,26162,BIRD DOG BLACKBERRY MINI,6,50,5.0,7.5,1,7.5,0.05,0.01
INV-71994700008,2024-07-08,4700,J & C GROCERY / ALLISON,"306, N MAIN",ALLISON,50602,POINT(-92.794762008 42.753224002),,BUTLER,1011100.0,BLENDED WHISKIES,492,WESTERN SPIRITS BEVERAGE,26164,BIRD DOG BLACK CHERRY MINI,6,50,5.0,7.5,1,7.5,0.05,0.01
INV-78000300046,2024-12-26,2501,HY-VEE  #2 (1018) / AMES,640 LINCOLNWAY,AMES,50010.0,POINT(-93.61869 42.02028),,STORY,1011100,BLENDED WHISKIES,492,WESTERN SPIRITS BEVERAGE,26164,BIRD DOG BLACK CHERRY MINI,6,50,5.0,7.5,1,7.5,0.05,0.01
INV-45668200020,2022-03-17,4150,FAREWAY STORES #951 / WATERLOO,40  W SAN MARNAN,WATERLOO,50701.0,,7,BLACK HAWK,1011100.0,BLENDED WHISKIES,492,WESTERN SPIRITS BEVERAGE,26172,BIRD DOG PEACH MINI,6,50,5.0,7.5,1,7.5,0.05,0.01
INV-41557700006,2021-11-02,5307,FAREWAY STORES #167/JOHNSTON,6005 MERLE HAY ROAD,JOHNSTON,50131,POINT(-93.697658 41.670127),77,POLK,1011100.0,BLENDED WHISKIES,492,WESTERN SPIRITS BEVERAGE,26172,BIRD DOG PEACH MINI,6,50,5.0,7.5,1,7.5,0.05,0.01
INV-42088600057,2021-11-17,2670,HY-VEE FOOD STORE / CORALVILLE,2004 8TH  ST,CORALVILLE,52241,POINT(-91.591868 41.682337),52,JOHNSON,1011100.0,BLENDED WHISKIES,492,WESTERN SPIRITS BEVERAGE,26172,BIRD DOG PEACH MINI,6,50,5.0,7.5,1,7.5,0.05,0.01
INV-57321100005,2023-04-07,4067,FREEMAN FOODS,268 8TH AVE,WELLMAN,52356,POINT(-91.83752 41.4650180200001),,WASHINGTON,1011100.0,BLENDED WHISKIES,492,WESTERN SPIRITS BEVERAGE,26172,BIRD DOG PEACH MINI,6,50,5.0,7.5,1,7.5,0.05,0.01
INV-47908400113,2022-05-31,2508,HY-VEE FOOD STORE #1 / CEDAR RAPIDS,"1843 JOHNSON AVENUE, N.W.",CEDAR RAPIDS,52405.0,POINT(-91.697942 41.97447),57,LINN,1011100.0,BLENDED WHISKIES,492,WESTERN SPIRITS BEVERAGE,26172,BIRD DOG PEACH MINI,6,50,5.0,7.5,1,7.5,0.05,0.01
INV-57211900017,2023-04-04,5244,THE OX & WREN SPIRITS AND GIFTS,708 2ND  AVE  SE,CRESCO,52136,POINT(-92.106556041 43.371432989),,HOWARD,1011100.0,BLENDED WHISKIES,492,WESTERN SPIRITS BEVERAGE,26174,BIRD DOG PEANUT BUTTER FLAVORED WHISKEY MINI,6,50,5.0,7.5,1,7.5,0.05,0.01
INV-60921500003,2023-08-03,2571,HY-VEE FOOD STORE #2 / WATERLOO,2181 LOGAN AVE,WATERLOO,50703,POINT(-92.338871971 42.53021299),,BLACK HAWK,1011100.0,BLENDED WHISKIES,492,WESTERN SPIRITS BEVERAGE,26174,BIRD DOG PEANUT BUTTER FLAVORED WHISKEY MINI,6,50,5.0,7.5,1,7.5,0.05,0.01
INV-43626400062,2022-01-07,2606,HY-VEE WINE AND SPIRITS / HUMBOLDT,1011  13TH ST NORTH,HUMBOLDT,50548.0,POINT(-94.227116 42.733221),46,HUMBOLDT,1011100.0,BLENDED WHISKIES,492,WESTERN SPIRITS BEVERAGE,26176,BIRD DOG STRAWBERRY MINI,6,50,5.0,7.5,1,7.5,0.05,0.01
INV-62186300026,2023-09-12,5054,CORK 'N BOTTLE / MANCHESTER,900 E MAIN ST,MANCHESTER,52087,POINT(-91.445 42.484327016),,DELAWARE,1011100.0,BLENDED WHISKIES,492,WESTERN SPIRITS BEVERAGE,26176,BIRD DOG STRAWBERRY MINI,6,50,5.0,7.5,1,7.5,0.05,0.01
INV-41776400029,2021-11-09,4260,FAREWAY STORES #699 / OSCEOLA,215 S MAIN ST,OSCEOLA,50213,POINT(-93.765695 41.032474),20,CLARKE,1011100.0,BLENDED WHISKIES,654,REVELTON DISTILLING COMPANY,26292,REVELTON HONEY WHISKEY MINI,6,50,16.8,25.2,1,25.2,0.05,0.01
INV-44390500052,2022-02-03,2106,HILLSTREET NEWS AND TOBACCO,2217 COLLEGE,CEDAR FALLS,50613.0,POINT(-92.455796 42.517182),7,BLACK HAWK,1011100.0,BLENDED WHISKIES,654,REVELTON DISTILLING COMPANY,26292,REVELTON HONEY WHISKEY MINI,6,50,16.8,25.2,1,25.2,0.05,0.01
INV-69112600009,2024-04-11,6323,"FAREWAY STORES, INC. #225 / DES MOINES",2716 BEAVER AVENUE,DES MOINES,50310,POINT(-93.673553008 41.619913998),,POLK,1011100.0,BLENDED WHISKIES,492,WESTERN SPIRITS BEVERAGE,26360,BIRD DOG SALTED CARAMEL FLAVORED WHISKEY MINI,6,50,5.0,7.5,1,7.5,0.05,0.01
INV-58556200004,2023-05-18,2571,HY-VEE FOOD STORE #2 / WATERLOO,2181 LOGAN AVE,WATERLOO,50703,POINT(-92.3388719709999 42.53021299),,BLACK HAWK,1011100.0,BLENDED WHISKIES,492,WESTERN SPIRITS BEVERAGE,26360,BIRD DOG SALTED CARAMEL FLAVORED WHISKEY MINI,6,50,5.0,7.5,1,7.5,0.05,0.01
INV-45698500021,2022-03-18,4901,FAREWAY STORES #137 / POLK CITY,1101 S 5TH ST,POLK CITY,50226.0,POINT(-93.719324 41.763823),77,POLK,1011200.0,STRAIGHT BOURBON WHISKIES,65,JIM BEAM BRANDS,26373,JIM BEAM ORANGE MINI,12,50,7.0,10.5,1,10.5,0.05,0.01
INV-62441100009,2023-09-19,4000,FOODLAND SUPER MARKETS / WOODBINE,62 5TH ST,WOODBINE,51579,POINT(-95.702833978 41.73676502),,HARRISON,1011200.0,STRAIGHT BOURBON WHISKIES,65,JIM BEAM BRANDS,26373,JIM BEAM ORANGE MINI,12,50,7.0,10.5,1,10.5,0.05,0.01
INV-25730800020,2020-03-09,5726,EHLINGER'S VINTON EXPRESS,310 K AVENUE SOUTH,VINTON,52349,POINT(-92.037532 42.168297),6,BENTON,1011100.0,BLENDED WHISKIES,492,WESTERN SPIRITS BEVERAGE,26763,BIRD DOG BLACK CHERRY MINI,5,50,5.8,8.7,1,8.7,0.05,0.01
INV-20232000027,2019-06-26,4866,TOBACCO HUT #18 / COUNCIL BLUFFS,429 VETERANS MEMORIAL,COUNCIL BLUFFS,51501,POINT(-95.851844 41.219624),78,POTTAWATTAMIE,1011100.0,BLENDED WHISKIES,492,WESTERN SPIRITS BEVERAGE,26763,BIRD DOG BLACK CHERRY MINI,5,50,5.8,8.7,1,8.7,0.05,0.01
INV-24786000061,2020-01-24,3465,HOMETOWN FOODS / PANORA,601 E MAIN,PANORA,50216,POINT(-94.357201 41.69182),39,GUTHRIE,1011100.0,BLENDED WHISKIES,492,WESTERN SPIRITS BEVERAGE,26763,BIRD DOG BLACK CHERRY MINI,5,50,5.8,8.7,1,8.7,0.05,0.01
INV-34611900014,2021-02-26,2624,HY-VEE #2 / DUBUQUE,2395 NW ARTERIAL RD,DUBUQUE,52002.0,POINT(-90.741064 42.516633),31,DUBUQUE,1011100.0,BLENDED WHISKIES,492.0,WESTERN SPIRITS BEVERAGE,26763,BIRD DOG BLACK CHERRY MINI,5,50,5.8,8.7,1,8.7,0.05,0.01
INV-26378800035,2020-04-07,5116,NEW STAR MART  /  NEWTON,"702, 1ST AVE E",NEWTON,50702,POINT(-93.045515 41.69943),94,WEBSTER,1011100.0,BLENDED WHISKIES,626,JDSO INC / RED BOOT DISTILLERY,26777,BLUE OX AMERICAN SPIRIT WHISKEY MINI,1,50,30.0,45.0,1,45.0,0.05,0.01
INV-91049200001,2026-01-23,6068,STAR CONVENIENCE / FORT DODGE,115 N 22ND ST,FORT DODGE,50501.0,POINT(-94.16802 42.50811),,WEBSTER,1011400,TENNESSEE WHISKIES,85,BROWN FORMAN CORP.,26821,JACK DANIELS OLD #7 BLACK LABEL MINI,12,50,11.5,17.25,1,17.25,0.05,0.01
INV-47146500029,2022-05-05,6300,SOUTHGATE WINE & SPIRITS / AMES,110 AIRPORT ROAD,AMES,50010.0,POINT(-93.610715 42.000991),85,STORY,1011400.0,TENNESSEE WHISKIES,85,BROWN FORMAN CORP.,26821,JACK DANIELS OLD #7 BLACK LABEL MINI,12,50,11.5,17.25,1,17.25,0.05,0.01
INV-31050300018,2020-10-15,4496,B P ON 1ST,"2824, 1ST AVE NE",CEDAR RAPIDS,52402.0,POINT(-91.634838 42.005867),57,LINN,1011400.0,TENNESSEE WHISKIES,85.0,BROWN FORMAN CORP.,26821,JACK DANIELS OLD #7 BLACK LABEL MINI,12,50,9.06,13.59,1,13.59,0.05,0.01
INV-80564500012,2025-03-14,10512,WHISKEY WOLF LIQUOR & SMOKES / GLENWOOD,411 SOUTH LOCUST STEET,GLENWOOD,51534.0,POINT(-95.74413 41.04235),,MILLS,1011400,TENNESSEE WHISKIES,85,BROWN FORMAN CORP.,26821,JACK DANIELS OLD #7 BLACK LABEL MINI,12,50,11.5,17.25,1,17.25,0.05,0.01
INV-60063900019,2023-07-07,4687,KUM & GO #517 / CEDAR RAPIDS,3132 1ST AVE NE,CEDAR RAPIDS,52402,POINT(-91.635495346 42.009648188),,LINN,1011400.0,TENNESSEE WHISKIES,85,BROWN FORMAN CORP.,26821,JACK DANIELS OLD #7 BLACK LABEL MINI,12,50,11.5,17.25,1,17.25,0.05,0.01
INV-61138700013,2023-08-10,2515,HY-VEE FOOD STORE #1 (1410) / MASON CITY,2400 4TH ST SW,MASON CITY,50401,POINT(-93.238599958 43.14966099),,CERRO GORDO,1011400.0,TENNESSEE WHISKIES,85,BROWN FORMAN CORP.,26821,JACK DANIELS OLD #7 BLACK LABEL MINI,12,50,11.5,17.25,1,17.25,0.05,0.01
INV-28655200041,2020-07-13,2576,HY-VEE WINE AND SPIRITS / STORM LAKE,1250 N LAKE ST,STORM LAKE,50588,POINT(-95.200758 42.653184),11,BUENA VISTA,1011400.0,TENNESSEE WHISKIES,85,BROWN FORMAN CORP.,26821,JACK DANIELS OLD #7 BLACK LABEL MINI,12,50,9.06,13.59,1,13.59,0.05,0.01
INV-22480900025,2019-10-11,2591,HY-VEE WINE AND SPIRITS / ATLANTIC,1602 E 7TH ST,ATLANTIC,50022,POINT(-94.990031 41.403856),15,CASS,1011400.0,TENNESSEE WHISKIES,85.0,BROWN FORMAN CORP.,26821,JACK DANIELS OLD #7 BLACK LABEL MINI,12,50,9.06,13.59,1,13.59,0.05,0.01
INV-26606100014,2020-04-16,4496,B P ON 1ST,"2824, 1ST AVE NE",CEDAR RAPIDS,52402,POINT(-91.634838 42.005867),57,LINN,1011400.0,TENNESSEE WHISKIES,85,BROWN FORMAN CORP.,26821,JACK DANIELS OLD #7 BLACK LABEL MINI,12,50,9.06,13.59,1,13.59,0.05,0.01
INV-64580500024,2023-11-22,6275,LOCAL CRAFT CELLAR / CEDAR RAPIDS,"7085 C AVENUE NORTHEAST, UNIT A1",CEDAR RAPIDS,52402,POINT(-91.639792748 42.049406111),,LINN,1011400.0,TENNESSEE WHISKIES,85,BROWN FORMAN CORP.,26821,JACK DANIELS OLD #7 BLACK LABEL MINI,12,50,11.5,17.25,1,17.25,0.05,0.01
INV-64609600021,2023-11-24,2602,HY-VEE FOOD STORE / WEBSTER CITY,823  2ND ST,WEBSTER CITY,50595,POINT(-93.825534011 42.47074498),,HAMILTON,1011400.0,TENNESSEE WHISKIES,85,BROWN FORMAN CORP.,26821,JACK DANIELS OLD #7 BLACK LABEL MINI,12,50,11.5,17.25,1,17.25,0.05,0.01
INV-45639800008,2022-03-16,4665,CASEY'S GENERAL STORE #2896 / ANKENY,2601 SE CREEKVIEW DR,ANKENY,50021.0,POINT(-93.571376 41.703978),77,POLK,1011400.0,TENNESSEE WHISKIES,85,BROWN FORMAN CORP.,26821,JACK DANIELS OLD #7 BLACK LABEL MINI,12,50,11.5,17.25,1,17.25,0.05,0.01
INV-42324300058,2021-11-24,2625,HY-VEE WINE & SPIRITS #2 / DAVENPORT,3301 W KIMBERLY RD,DAVENPORT,52804.0,,82,SCOTT,1011400.0,TENNESSEE WHISKIES,85,BROWN FORMAN CORP.,26821,JACK DANIELS OLD #7 BLACK LABEL MINI,12,50,11.5,17.25,1,17.25,0.05,0.01
INV-47088900008,2022-05-03,5567,KUM & GO #3504 / IOWA CITY,1310 S GILBERT ST,IOWA CITY,52240.0,POINT(-91.532001 41.646138),52,JOHNSON,1011400.0,TENNESSEE WHISKIES,85,BROWN FORMAN CORP.,26821,JACK DANIELS OLD #7 BLACK LABEL MINI,12,50,11.5,17.25,1,17.25,0.05,0.01
INV-76390200013,2024-11-13,5920,KUM & GO #0131 / HUXLEY,1706 HWY 210,HUXLEY,50046.0,POINT(-93.56725 41.87781),,STORY,1011400,TENNESSEE WHISKIES,85,BROWN FORMAN CORP.,26821,JACK DANIELS OLD #7 BLACK LABEL MINI,12,50,11.5,17.25,1,17.25,0.05,0.01
INV-25555400015,2020-03-02,2619,HY-VEE WINE AND SPIRITS / WDM,1725  74TH ST,WEST DES MOINES,50266,POINT(-93.808855 41.598515),77,POLK,1011400.0,TENNESSEE WHISKIES,85,BROWN FORMAN CORP.,26821,JACK DANIELS OLD #7 BLACK LABEL MINI,12,50,9.06,13.59,1,13.59,0.05,0.01
INV-57094800017,2023-03-30,4428,KUM & GO #200 / AMES,4510 MORTENSEN RD,AMES,50014.0,POINT(-93.67956 42.01212),,STORY,1011400,TENNESSEE WHISKIES,85,BROWN FORMAN CORP.,26821,JACK DANIELS OLD #7 BLACK LABEL MINI,12,50,11.5,17.25,1,17.25,0.05,0.01
INV-26838400002,2020-04-27,4887,KUM & GO #66 / WEST DES MOINES,5308 UNIVERSITY AVE,WEST DES MOINES,50266,POINT(-93.778685 41.60046),77,POLK,1011400.0,TENNESSEE WHISKIES,85,BROWN FORMAN CORP.,26821,JACK DANIELS OLD #7 BLACK LABEL MINI,12,50,9.06,13.59,1,13.59,0.05,0.01
INV-29868300039,2020-08-31,4843,STEWART ROAD FAST BREAK,2418 STEWART RD,MUSCATINE,52761.0,POINT(-91.072652 41.390911),70,MUSCATINE,1011400.0,TENNESSEE WHISKIES,85.0,BROWN FORMAN CORP.,26821,JACK DANIELS OLD #7 BLACK LABEL MINI,12,50,9.06,13.59,1,13.59,0.05,0.01
INV-41840100015,2021-11-10,2513,HY-VEE FOOD STORE #2 / IOWA CITY,812  S 1ST AVE,IOWA CITY,52240,,52,JOHNSON,1011400.0,TENNESSEE WHISKIES,85,BROWN FORMAN CORP.,26821,JACK DANIELS OLD #7 BLACK LABEL MINI,12,50,11.5,17.25,1,17.25,0.05,0.01
INV-50990300056,2022-09-07,5358,KUM & GO #1056/ BEVINGTON,101 E IA HWY 92,BEVINGTON,50033,POINT(-93.790419 41.360431),,WARREN,1011400.0,TENNESSEE WHISKIES,85,BROWN FORMAN CORP.,26821,JACK DANIELS OLD #7 BLACK LABEL MINI,12,50,11.5,17.25,1,17.25,0.05,0.01
INV-93446600007,2026-04-07,4891,SCHOTTSY'S LIQUOR,109 5TH ST,SIBLEY,51249.0,POINT(-95.75126 43.40398),,OSCEOLA,1011400,TENNESSEE WHISKIES,85,BROWN FORMAN CORP.,26821,JACK DANIELS OLD #7 BLACK LABEL MINI,12,50,11.5,17.25,1,17.25,0.05,0.01
INV-31543200009,2020-10-30,5529,BIG 10 MART,2100 JFK RD,DUBUQUE,52001.0,,31,DUBUQUE,1011400.0,TENNESSEE WHISKIES,85.0,BROWN FORMAN CORP.,26821,JACK DANIELS OLD #7 BLACK LABEL MINI,12,50,9.06,13.59,1,13.59,0.05,0.01
INV-26930600006,2020-04-30,5734,FAREWAY #193,500 CROELL AVENUE,TIFFIN,52340,POINT(-91.657407 41.708639),52,JOHNSON,1011400.0,TENNESSEE WHISKIES,85,BROWN FORMAN CORP.,26821,JACK DANIELS OLD #7 BLACK LABEL MINI,12,50,9.06,13.59,1,13.59,0.05,0.01
INV-23060000040,2019-11-06,4810,KUM & GO #518 / ANKENY,3603 NE OTTERVIEW CIRCLE,ANKENY,50021,POINT(-93.572458 41.760989),77,POLK,1011400.0,TENNESSEE WHISKIES,85.0,BROWN FORMAN CORP.,26821,JACK DANIELS OLD #7 BLACK LABEL MINI,12,50,9.06,13.59,1,13.59,0.05,0.01
INV-25951800032,2020-03-17,5001,THE MUSIC STATION / INDEPENDENCE,709 FIRST ST W,INDEPENDENCE,50644,POINT(-91.901687 42.468633),10,BUCHANAN,1011400.0,TENNESSEE WHISKIES,85,BROWN FORMAN CORP.,26821,JACK DANIELS OLD #7 BLACK LABEL MINI,12,50,9.06,13.59,1,13.59,0.05,0.01
INV-21028200003,2019-08-05,4921,MARKET EXPRESS,5340 16TH AVE SW,CEDAR RAPIDS,52404,POINT(-91.739906 41.963888),57,LINN,1011400.0,TENNESSEE WHISKIES,85.0,BROWN FORMAN CORP.,26821,JACK DANIELS OLD #7 BLACK LABEL MINI,12,50,9.06,13.59,1,13.59,0.05,0.01
INV-67914200006,2024-03-05,6070,BIG 10 MART #11 / DUBUQUE,3300 ASBURY RD,DUBUQUE,52001,POINT(-90.720932982 42.512848998),,DUBUQUE,1011400.0,TENNESSEE WHISKIES,85,BROWN FORMAN CORP.,26821,JACK DANIELS OLD #7 BLACK LABEL MINI,12,50,11.5,17.25,1,17.25,0.05,0.01
INV-60474600027,2023-07-19,2647,HY-VEE #7 / CEDAR RAPIDS,5050 EDGEWOOD RD,CEDAR RAPIDS,52411,POINT(-91.698522983 42.029484381),,LINN,1011400.0,TENNESSEE WHISKIES,85,BROWN FORMAN CORP.,26821,JACK DANIELS OLD #7 BLACK LABEL MINI,12,50,11.5,17.25,1,17.25,0.05,0.01
INV-31504200039,2020-10-29,4509,AJ'S LIQUOR II,2515 CHAMBERLAIN,AMES,50010.0,POINT(-93.650838 42.021461),85,STORY,1011400.0,TENNESSEE WHISKIES,85.0,BROWN FORMAN CORP.,26821,JACK DANIELS OLD #7 BLACK LABEL MINI,12,50,9.06,13.59,1,13.59,0.05,0.01
INV-31465900038,2020-10-28,4743,FAMILY FARE #791,1801 VALLEY VIEW DR,COUNCIL BLUFFS,51503.0,POINT(-95.818775 41.24394),78,POTTAWATTAMIE,1011400.0,TENNESSEE WHISKIES,85.0,BROWN FORMAN CORP.,26821,JACK DANIELS OLD #7 BLACK LABEL MINI,12,50,9.06,13.59,1,13.59,0.05,0.01
INV-80897500010,2025-03-25,4185,FAREWAY STORES #737 / GRINNELL,727 WEST STREET,GRINNELL,50112.0,POINT(-92.72735 41.74124),,POWESHIEK,1011400,TENNESSEE WHISKIES,85,BROWN FORMAN CORP.,26821,JACK DANIELS OLD #7 BLACK LABEL MINI,12,50,11.5,17.25,1,17.25,0.05,0.01
INV-52152700027,2022-10-17,4566,KUM & GO #508 / CEDAR RAPIDS,30 FOUR OAKS DR SW,CEDAR RAPIDS,52404,POINT(-91.658073 41.923446),,LINN,1011400.0,TENNESSEE WHISKIES,85,BROWN FORMAN CORP.,26821,JACK DANIELS OLD #7 BLACK LABEL MINI,12,50,11.5,17.25,1,17.25,0.05,0.01
INV-21353600085,2019-08-20,2578,HY-VEE / CHARLES CITY,901 KELLY ST,CHARLES CITY,50616,POINT(-92.67556 43.066993),34,FLOYD,1011400.0,TENNESSEE WHISKIES,85.0,BROWN FORMAN CORP.,26821,JACK DANIELS OLD #7 BLACK LABEL MINI,12,50,9.06,13.59,1,13.59,0.05,0.01
INV-26002400018,2020-03-19,4599,QUIK TRIP #500 / HUBBELL DM,3700 HUBBELL AVE,DES MOINES,50317,POINT(-93.544906 41.629026),77,POLK,1011400.0,TENNESSEE WHISKIES,85,BROWN FORMAN CORP.,26821,JACK DANIELS OLD #7 BLACK LABEL MINI,12,50,9.06,13.59,1,13.59,0.05,0.01
INV-26137700018,2020-03-26,4757,EZ MART / BONDURANT,1111 SE LINCOLN ST,BONDURANT,50035,POINT(-93.457069 41.692534),77,POLK,1011400.0,TENNESSEE WHISKIES,85,BROWN FORMAN CORP.,26821,JACK DANIELS OLD #7 BLACK LABEL MINI,12,50,9.06,13.59,1,13.59,0.05,0.01
INV-65952800008,2024-01-04,5107,KUM & GO #4098 / WINDSOR HEIGHTS,7229 UNIVERSITY AVE,WINDSOR HEIGHTS,50311,POINT(-93.717312996 41.600730001),,POLK,1011400.0,TENNESSEE WHISKIES,85,BROWN FORMAN CORP.,26821,JACK DANIELS OLD #7 BLACK LABEL MINI,12,50,11.5,17.25,1,17.25,0.05,0.01
INV-29336900101,2020-08-07,3818,ROUND WINDOW LIQUOR,703 W PLEASANT ST,KNOXVILLE,50138,POINT(-93.105641 41.320746),63,MARION,1011400.0,TENNESSEE WHISKIES,85,BROWN FORMAN CORP.,26821,JACK DANIELS OLD #7 BLACK LABEL MINI,12,50,9.06,13.59,1,13.59,0.05,0.01
INV-47869400004,2022-05-27,2602,HY-VEE FOOD STORE / WEBSTER CITY,823  2ND ST,WEBSTER CITY,50595.0,POINT(-93.825486 42.469466),40,HAMILTON,1011400.0,TENNESSEE WHISKIES,85,BROWN FORMAN CORP.,26821,JACK DANIELS OLD #7 BLACK LABEL MINI,12,50,11.5,17.25,1,17.25,0.05,0.01
INV-29333900036,2020-08-07,5358,KUM & GO #1056/ BEVINGTON,101 E IA HWY 92,BEVINGTON,50033,POINT(-93.790419 41.360431),91,WARREN,1011400.0,TENNESSEE WHISKIES,85,BROWN FORMAN CORP.,26821,JACK DANIELS OLD #7 BLACK LABEL MINI,12,50,9.06,13.59,1,13.59,0.05,0.01
INV-66090100032,2024-01-09,10327,KWIK STAR 1208 / SIOUX CENTER,1581 SOUTH MAIN AVENUE,SIOUX CENTER,51250,POINT(-96.175430934 43.060624602),,SIOUX,1011400.0,TENNESSEE WHISKIES,85,BROWN FORMAN CORP.,26821,JACK DANIELS OLD #7 BLACK LABEL MINI,12,50,11.5,17.25,1,17.25,0.05,0.01
INV-20983900012,2019-08-01,4461,QUIK TRIP #503 / WINDSOR HEIGHTS,7220 HICKMAN RD,WINDSOR HEIGHTS,50324,POINT(-93.717442 41.614647),77,POLK,1011400.0,TENNESSEE WHISKIES,85.0,BROWN FORMAN CORP.,26821,JACK DANIELS OLD #7 BLACK LABEL MINI,12,50,9.06,13.59,1,13.59,0.05,0.01
INV-78809800014,2025-01-21,5888,BIG 10 MART #62 / BETTENDORF,999 MIDDLE RD,BETTENDORF,52722.0,POINT(-90.51892 41.54002),,SCOTT,1011400,TENNESSEE WHISKIES,85,BROWN FORMAN CORP.,26821,JACK DANIELS OLD #7 BLACK LABEL MINI,12,50,11.5,17.25,1,17.25,0.05,0.01
INV-73085700016,2024-08-09,2618,HY-VEE DRUGSTORE #6 / CEDAR RAPIDS,505 BOYSON RD NE,CEDAR RAPIDS,52402,POINT(-91.639268962 42.046135367),,LINN,1011400.0,TENNESSEE WHISKIES,85,BROWN FORMAN CORP.,26821,JACK DANIELS OLD #7 BLACK LABEL MINI,12,50,11.5,17.25,1,17.25,0.05,0.01
INV-23272500058,2019-11-16,3461,HOMETOWN FOODS / STUART,607 S DIVISION ST,STUART,50250,POINT(-94.318439 41.497693),39,GUTHRIE,1011400.0,TENNESSEE WHISKIES,85.0,BROWN FORMAN CORP.,26821,JACK DANIELS OLD #7 BLACK LABEL MINI,12,50,9.06,13.59,1,13.59,0.05,0.01
INV-36781800066,2021-05-19,5068,TOBACCO SHOP / ARNOLDS PARK,612 S HIGHWAY 71,ARNOLDS PARK,51331.0,POINT(-95.140274 43.361577),30,DICKINSON,1011400.0,TENNESSEE WHISKIES,85,BROWN FORMAN CORP.,26821,JACK DANIELS OLD #7 BLACK LABEL MINI,12,50,9.06,13.59,1,13.59,0.05,0.01
INV-25176900008,2020-02-12,4634,KWIK SHOP #565 / CEDAR RAPIDS,"4201, CENTER POINT RD NE",CEDAR RAPIDS,52402,POINT(-91.665659 42.021931),57,LINN,1011400.0,TENNESSEE WHISKIES,85,BROWN FORMAN CORP.,26821,JACK DANIELS OLD #7 BLACK LABEL MINI,12,50,9.06,13.59,1,13.59,0.05,0.01
INV-51648600030,2022-09-28,5439,MT. PLEASANT FAST BREAK,201 E. WASHINGTON STREET,MOUNT PLEASANT,52641,POINT(-91.551598 40.965272),,HENRY,1011400.0,TENNESSEE WHISKIES,85,BROWN FORMAN CORP.,26821,JACK DANIELS OLD #7 BLACK LABEL MINI,12,50,11.5,17.25,1,17.25,0.05,0.01
INV-66463200009,2024-01-22,4596,QUIK TRIP #534 / E UNIVERSITY DM,2945 E UNIVERSITY,DES MOINES,50317,POINT(-93.558979013 41.600038997),,POLK,1011400.0,TENNESSEE WHISKIES,85,BROWN FORMAN CORP.,26821,JACK DANIELS OLD #7 BLACK LABEL MINI,12,50,11.5,17.25,1,17.25,0.05,0.01
INV-86100800007,2025-09-02,2709,HY-VEE FAST AND FRESH - DUBUQUE,2435 NW ARTERIAL,DUBUQUE,52002.0,POINT(-90.74219 42.51802),,DUBUQUE,1011400,TENNESSEE WHISKIES,85,BROWN FORMAN CORP.,26821,JACK DANIELS OLD #7 BLACK LABEL MINI,12,50,11.5,17.25,1,17.25,0.05,0.01
INV-66960400010,2024-02-06,4000,FOODLAND SUPER MARKETS / WOODBINE,62 5TH ST,WOODBINE,51579,POINT(-95.702833978 41.73676502),,HARRISON,1011400.0,TENNESSEE WHISKIES,85,BROWN FORMAN CORP.,26821,JACK DANIELS OLD #7 BLACK LABEL MINI,12,50,11.5,17.25,1,17.25,0.05,0.01
INV-34127700011,2021-02-08,5091,KUM & GO #1436 / MUSCATINE,416 CEDAR ST,MUSCATINE,52671.0,POINT(-91.392568 40.92129),70,MUSCATINE,1011400.0,TENNESSEE WHISKIES,85.0,BROWN FORMAN CORP.,26821,JACK DANIELS OLD #7 BLACK LABEL MINI,12,50,9.06,13.59,1,13.59,0.05,0.01
INV-23612000015,2019-12-02,5091,KUM & GO #1436 / MUSCATINE,416 CEDAR ST,MUSCATINE,52671,POINT(-91.392568 40.92129),70,MUSCATINE,1011400.0,TENNESSEE WHISKIES,85.0,BROWN FORMAN CORP.,26821,JACK DANIELS OLD #7 BLACK LABEL MINI,12,50,9.06,13.59,1,13.59,0.05,0.01
INV-92408800016,2026-03-06,5236,"GIGGLE JUICE LIQUOR STATION, LLC",600 W. MAIN ST.,ANAMOSA,52205.0,POINT(-91.29085 42.10821),,JONES,1011400,TENNESSEE WHISKIES,85,BROWN FORMAN CORP.,26821,JACK DANIELS OLD #7 BLACK LABEL MINI,12,50,11.5,17.25,1,17.25,0.05,0.01
INV-57205000023,2023-04-04,2549,HY-VEE FOOD STORE (1271) / INDIANOLA,910 N JEFFERSON,INDIANOLA,50125,POINT(-93.556514985 41.368733003),,WARREN,1011400.0,TENNESSEE WHISKIES,85,BROWN FORMAN CORP.,26821,JACK DANIELS OLD #7 BLACK LABEL MINI,12,50,11.5,17.25,1,17.25,0.05,0.01
INV-29507900019,2020-08-17,4696,QUIK TRIP #517 / WEST DES MOINES,1451 22ND ST,WEST DES MOINES,50266,POINT(-93.735967 41.59527),77,POLK,1011400.0,TENNESSEE WHISKIES,85,BROWN FORMAN CORP.,26821,JACK DANIELS OLD #7 BLACK LABEL MINI,12,50,9.06,13.59,1,13.59,0.05,0.01
INV-64797400014,2023-11-30,5058,KUM & GO #542 / URBANDALE,11989 HICKMAN RD,URBANDALE,50323,POINT(-93.782458573 41.615539315),,POLK,1011400.0,TENNESSEE WHISKIES,85,BROWN FORMAN CORP.,26821,JACK DANIELS OLD #7 BLACK LABEL MINI,12,50,11.5,17.25,1,17.25,0.05,0.01
INV-29240000012,2020-08-05,2673,HY-VEE # 6/ DES MOINES,420 COURT AVE,DES MOINES,50309,POINT(-93.622454 41.584842),77,POLK,1011400.0,TENNESSEE WHISKIES,85,BROWN FORMAN CORP.,26821,JACK DANIELS OLD #7 BLACK LABEL MINI,12,50,9.06,13.59,1,13.59,0.05,0.01
INV-87017900006,2025-09-26,6045,MAVERIK #5394 / CLIVE,15590 HICKMAN RD,CLIVE,50325.0,POINT(-93.83436 41.61453),,POLK,1011400,TENNESSEE WHISKIES,85,BROWN FORMAN CORP.,26821,JACK DANIELS OLD #7 BLACK LABEL MINI,12,50,11.5,17.25,1,17.25,0.05,0.01
INV-33225500116,2021-01-05,2661,HY-VEE FOOD STORE / SHELDON,1989 PARK ST,SHELDON,51201.0,POINT(-95.831721 43.186038),71,O'BRIEN,1011400.0,TENNESSEE WHISKIES,85.0,BROWN FORMAN CORP.,26821,JACK DANIELS OLD #7 BLACK LABEL MINI,12,50,9.06,13.59,1,13.59,0.05,0.01
INV-82914200031,2025-05-27,2675,HY-VEE #2 / CORALVILLE,3285 CROSSPARK RD,CORALVILLE,52241.0,POINT(-91.6047 41.72224),,JOHNSON,1011400,TENNESSEE WHISKIES,85,BROWN FORMAN CORP.,26821,JACK DANIELS OLD #7 BLACK LABEL MINI,12,50,11.5,17.25,1,17.25,0.05,0.01
INV-92439500004,2026-03-09,5358,MAVERIK #5029 / BEVINGTON,101 E IA HWY 92,BEVINGTON,50033.0,POINT(-93.79263 41.35979),,WARREN,1011400,TENNESSEE WHISKIES,85,BROWN FORMAN CORP.,26821,JACK DANIELS OLD #7 BLACK LABEL MINI,12,50,11.5,17.25,1,17.25,0.05,0.01
INV-58718800003,2023-05-23,3723,J D SPIRITS LIQUOR,1023  9TH ST,ONAWA,51040,POINT(-96.0955829709999 42.025913984),,MONONA,1011400.0,TENNESSEE WHISKIES,85,BROWN FORMAN CORP.,26821,JACK DANIELS OLD #7 BLACK LABEL MINI,12,50,11.5,17.25,1,17.25,0.05,0.01
INV-65345600009,2023-12-16,5338,KUM & GO #539/ NW 2ND AVE,5050 NW 2ND AVE,DES MOINES,50313,POINT(-93.620834022 41.651966982),,POLK,1011400.0,TENNESSEE WHISKIES,85,BROWN FORMAN CORP.,26821,JACK DANIELS OLD #7 BLACK LABEL MINI,12,50,11.5,17.25,1,17.25,0.05,0.01
INV-63914100043,2023-11-03,3917,SMOKIN' JOE'S #2 TOBACCO AND LIQUOR OUTLET,1606 W LOCUST ST,DAVENPORT,52804,POINT(-90.59905902 41.538506021),,SCOTT,1011400.0,TENNESSEE WHISKIES,85,BROWN FORMAN CORP.,26821,JACK DANIELS OLD #7 BLACK LABEL MINI,12,50,11.5,17.25,1,17.25,0.05,0.01
INV-48702400008,2022-06-27,5071,JEFF'S MARKET / DURANT,408 6TH AVE,DURANT,52747,POINT(-90.911744 41.600606),16,CEDAR,1011400.0,TENNESSEE WHISKIES,85,BROWN FORMAN CORP.,26821,JACK DANIELS OLD #7 BLACK LABEL MINI,12,50,11.5,17.25,1,17.25,0.05,0.01
INV-43726100021,2022-01-12,2513,HY-VEE FOOD STORE #2 / IOWA CITY,812  S 1ST AVE,IOWA CITY,52240.0,,52,JOHNSON,1011400.0,TENNESSEE WHISKIES,85,BROWN FORMAN CORP.,26821,JACK DANIELS OLD #7 BLACK LABEL MINI,12,50,11.5,17.25,1,17.25,0.05,0.01
INV-24490300037,2020-01-10,2523,HY-VEE FOOD STORE / CENTERVILLE,609 N 18TH,CENTERVILLE,52544,POINT(-92.867967 40.737577),4,APPANOOSE,1011400.0,TENNESSEE WHISKIES,85,BROWN FORMAN CORP.,26821,JACK DANIELS OLD #7 BLACK LABEL MINI,12,50,9.06,13.59,1,13.59,0.05,0.01
INV-24806200036,2020-01-27,5340,KUM & GO #532/ WEST DSM,5901 MILLS CIVIC PKWY #2000,WEST DES MOINES,50266,POINT(-93.791014 41.55915),77,POLK,1011400.0,TENNESSEE WHISKIES,85,BROWN FORMAN CORP.,26821,JACK DANIELS OLD #7 BLACK LABEL MINI,12,50,9.06,13.59,1,13.59,0.05,0.01
INV-27740800012,2020-06-05,5561,CASEY'S GENERAL STORE #32 / MADRID,117 N KENNEDY AVE,MADRID,50156.0,POINT(-93.815677 41.877618),8,BOONE,1011400.0,TENNESSEE WHISKIES,85.0,BROWN FORMAN CORP.,26821,JACK DANIELS OLD #7 BLACK LABEL MINI,12,50,9.06,13.59,1,13.59,0.05,0.01
INV-43039200003,2021-12-17,4912,CASEY'S GENERAL STORE #2531 / ELDRIDGE,"840, E LE CLAIRE RD",ELDRIDGE,52748.0,POINT(-90.572547 41.654692),82,SCOTT,1011400.0,TENNESSEE WHISKIES,85,BROWN FORMAN CORP.,26821,JACK DANIELS OLD #7 BLACK LABEL MINI,12,50,11.5,17.25,1,17.25,0.05,0.01
INV-56146000036,2023-02-24,5561,CASEY'S GENERAL STORE #32 / MADRID,117 N KENNEDY AVE,MADRID,50156.0,POINT(-93.81567 41.87763),,BOONE,1011400,TENNESSEE WHISKIES,85,BROWN FORMAN CORP.,26821,JACK DANIELS OLD #7 BLACK LABEL MINI,12,50,11.5,17.25,1,17.25,0.05,0.01
INV-90400800008,2026-01-05,10134,"FAREWAY STORES, INC. #232 / WEST DES MOINES",9080 MILLS CIVIC PARKWAY,WEST DES MOINES,50266.0,POINT(-93.83108 41.55844),,POLK,1011400,TENNESSEE WHISKIES,85,BROWN FORMAN CORP.,26821,JACK DANIELS OLD #7 BLACK LABEL MINI,12,50,11.5,17.25,1,17.25,0.05,0.01
INV-21506600024,2019-08-27,5225,THE STATION II / NORTH LIBERTY,"620, MEADE DR",NORTH LIBERTY,52317,POINT(-91.608704 41.752665),52,JOHNSON,1011400.0,TENNESSEE WHISKIES,85.0,BROWN FORMAN CORP.,26821,JACK DANIELS OLD #7 BLACK LABEL MINI,12,50,9.06,13.59,1,13.59,0.05,0.01
INV-75413200008,2024-10-16,5946,KWIK SPIRITS #530 / AMES,204 S DUFF AVE,AMES,50010.0,POINT(-93.60968 42.02108),,STORY,1011400,TENNESSEE WHISKIES,85,BROWN FORMAN CORP.,26821,JACK DANIELS OLD #7 BLACK LABEL MINI,12,50,11.5,17.25,1,17.25,0.05,0.01
INV-26976000055,2020-05-01,5131,OASIS,"1401, BUCHANAN ST",DES MOINES,50316,POINT(-93.599362 41.59878),77,POLK,1011400.0,TENNESSEE WHISKIES,85,BROWN FORMAN CORP.,26821,JACK DANIELS OLD #7 BLACK LABEL MINI,12,50,9.06,13.59,1,13.59,0.05,0.01
INV-87206900046,2025-10-02,2588,HY-VEE FOOD AND DRUG #6 / CEDAR RAPIDS,4035 MT VERNON RD SE,CEDAR RAPIDS,52403.0,POINT(-91.60966 41.97553),,LINN,1011400,TENNESSEE WHISKIES,85,BROWN FORMAN CORP.,26821,JACK DANIELS OLD #7 BLACK LABEL MINI,12,50,11.5,17.25,1,17.25,0.05,0.01
INV-80448400009,2025-03-11,5113,"RAY'S SUPERMARKET, INC.",1975 FRANKLIN ST,WATERLOO,50703.0,POINT(-92.31521 42.49538),,BLACK HAWK,1011400,TENNESSEE WHISKIES,85,BROWN FORMAN CORP.,26821,JACK DANIELS OLD #7 BLACK LABEL MINI,12,50,11.5,17.25,1,17.25,0.05,0.01
INV-66855100009,2024-02-02,5521,CASEY'S GENERAL STORE #3640 / WAUKEE,870 NE ALICE'S RD,WAUKEE,50263,POINT(-93.85354499 41.628731006),,DALLAS,1011400.0,TENNESSEE WHISKIES,85,BROWN FORMAN CORP.,26821,JACK DANIELS OLD #7 BLACK LABEL MINI,12,50,11.5,17.25,1,17.25,0.05,0.01
INV-75773300005,2024-10-28,5662,RIVERSIDE LIQUOR 2 / DAVENPORT,1528 W LOCUST,DAVENPORT,52804.0,POINT(-90.59742 41.53823),,SCOTT,1011400,TENNESSEE WHISKIES,85,BROWN FORMAN CORP.,26821,JACK DANIELS OLD #7 BLACK LABEL MINI,12,50,11.5,17.25,1,17.25,0.05,0.01
INV-28070500023,2020-06-17,4236,FAREWAY STORES #551 / EAGLE GROVE,205 NW  1ST ST,EAGLE GROVE,50533.0,POINT(-93.903801 42.665165),99,WRIGHT,1011400.0,TENNESSEE WHISKIES,85.0,BROWN FORMAN CORP.,26821,JACK DANIELS OLD #7 BLACK LABEL MINI,12,50,9.06,13.59,1,13.59,0.05,0.01
INV-31687300005,2020-11-04,2619,HY-VEE WINE AND SPIRITS / WDM,1725  74TH ST,WEST DES MOINES,50266,POINT(-93.808855 41.598515),77,POLK,1011400.0,TENNESSEE WHISKIES,85,BROWN FORMAN CORP.,26821,JACK DANIELS OLD #7 BLACK LABEL MINI,12,50,9.06,13.59,1,13.59,0.05,0.01
INV-21787400016,2019-09-09,3744,RANDY'S NEIGHBORHOOD MARKET / DYERSVILLE,733 16TH AVE SE,DYERSVILLE,52040,POINT(-91.115769 42.470204),31,DUBUQUE,1011400.0,TENNESSEE WHISKIES,85.0,BROWN FORMAN CORP.,26821,JACK DANIELS OLD #7 BLACK LABEL MINI,12,50,9.06,13.59,1,13.59,0.05,0.01
INV-64325600008,2023-11-15,4429,KUM & GO #32 / COLFAX,1200 N WALNUT ST,COLFAX,50054,POINT(-93.246555977 41.68647599),,JASPER,1011400.0,TENNESSEE WHISKIES,85,BROWN FORMAN CORP.,26821,JACK DANIELS OLD #7 BLACK LABEL MINI,12,50,11.5,17.25,1,17.25,0.05,0.01
INV-27389300055,2020-05-20,3525,WINES AND SPIRITS,106 W 2ND ST,WASHINGTON,52353,POINT(-91.692214 41.300399),92,WASHINGTON,1011400.0,TENNESSEE WHISKIES,85,BROWN FORMAN CORP.,26821,JACK DANIELS OLD #7 BLACK LABEL MINI,12,50,9.06,13.59,1,13.59,0.05,0.01
INV-39792000019,2021-09-03,4377,QUIK TRIP #562 / NE 14TH / DSM,4801 NE 14TH ST,DES MOINES,50313,POINT(-93.600266 41.648602),77,POLK,1011400.0,TENNESSEE WHISKIES,85,BROWN FORMAN CORP.,26821,JACK DANIELS OLD #7 BLACK LABEL MINI,12,50,11.5,17.25,1,13.59,0.05,0.01
INV-62364600005,2023-09-18,4617,LICKETY LIQUOR,2501 HUBBELL AVE,DES MOINES,50317,POINT(-93.570148988 41.60773702),,POLK,1011400.0,TENNESSEE WHISKIES,85,BROWN FORMAN CORP.,26821,JACK DANIELS OLD #7 BLACK LABEL MINI,12,50,11.5,17.25,1,17.25,0.05,0.01
INV-52766300035,2022-11-04,2618,HY-VEE DRUGSTORE #6 / CEDAR RAPIDS,505 BOYSON RD NE,CEDAR RAPIDS,52402.0,POINT(-91.63912 42.04672),,LINN,1011400,TENNESSEE WHISKIES,85,BROWN FORMAN CORP.,26821,JACK DANIELS OLD #7 BLACK LABEL MINI,12,50,11.5,17.25,1,17.25,0.05,0.01
INV-39342200106,2021-08-18,5068,TOBACCO SHOP / ARNOLDS PARK,612 S HIGHWAY 71,ARNOLDS PARK,51331.0,POINT(-95.140274 43.361577),30,DICKINSON,1011400.0,TENNESSEE WHISKIES,85,BROWN FORMAN CORP.,26821,JACK DANIELS OLD #7 BLACK LABEL MINI,12,50,9.06,13.59,1,13.59,0.05,0.01
INV-54407000021,2022-12-28,2643,HY-VEE WINE AND SPIRITS / WATERLOO,2126 KIMBALL AVE,WATERLOO,50701.0,POINT(-92.35698 42.47029),,BLACK HAWK,1011400,TENNESSEE WHISKIES,85,BROWN FORMAN CORP.,26821,JACK DANIELS OLD #7 BLACK LABEL MINI,12,50,11.5,17.25,1,17.25,0.05,0.01
INV-46947700006,2022-04-28,2515,HY-VEE FOOD STORE #1 / MASON CITY,2400 4TH ST SW,MASON CITY,50401,POINT(-93.235588 43.148451),17,CERRO GORDO,1011400.0,TENNESSEE WHISKIES,85,BROWN FORMAN CORP.,26821,JACK DANIELS OLD #7 BLACK LABEL MINI,12,50,11.5,17.25,1,17.25,0.05,0.01
INV-83250800011,2025-06-05,5889,SUPER QUICK LIQUOR / WDM,1800 22ND ST,WEST DES MOINES,50266.0,POINT(-93.7366 41.59907),,POLK,1011400,TENNESSEE WHISKIES,85,BROWN FORMAN CORP.,26821,JACK DANIELS OLD #7 BLACK LABEL MINI,12,50,11.5,17.25,1,17.25,0.05,0.01
INV-75713300020,2024-10-25,2591,HY-VEE WINE AND SPIRITS / ATLANTIC,1602 E 7TH ST,ATLANTIC,50022.0,POINT(-94.99042 41.40387),,CASS,1011400,TENNESSEE WHISKIES,85,BROWN FORMAN CORP.,26821,JACK DANIELS OLD #7 BLACK LABEL MINI,12,50,11.5,17.25,1,17.25,0.05,0.01
INV-22446400012,2019-10-10,4660,HILL BROTHERS JIFFY MART / CEDAR RAPIDS,"1904, MT VERNON RD SE",CEDAR RAPIDS,52403,POINT(-91.642561 41.977226),57,LINN,1011400.0,TENNESSEE WHISKIES,85.0,BROWN FORMAN CORP.,26821,JACK DANIELS OLD #7 BLACK LABEL MINI,12,50,9.06,13.59,1,13.59,0.05,0.01
INV-93206700026,2026-03-31,10553,MINIMART / INDEPENDENCE,709 1ST ST W,INDEPENDENCE,50644,POINT(-91.90185 42.46863),,BUCHANAN,1011400,TENNESSEE WHISKIES,85,BROWN FORMAN CORP.,26821,JACK DANIELS OLD #7 BLACK LABEL MINI,12,50,11.5,17.25,1,17.25,0.05,0.01
INV-68799300016,2024-04-02,5004,IDA GROVE FOOD PRIDE,200 SUSAN LAWRENCE DR,IDA GROVE,51445,POINT(-95.471117019 42.350797012),,IDA,1011400.0,TENNESSEE WHISKIES,85,BROWN FORMAN CORP.,26821,JACK DANIELS OLD #7 BLACK LABEL MINI,12,50,11.5,17.25,1,17.25,0.05,0.01
INV-30997300009,2020-10-13,5952,TOBACCO OUTLET PLUS #537 / IOWA CITY,923 S RIVERSIDE DR,IOWA CITY,52246.0,POINT(-91.540192 41.64885),52,JOHNSON,1011400.0,TENNESSEE WHISKIES,85.0,BROWN FORMAN CORP.,26821,JACK DANIELS OLD #7 BLACK LABEL MINI,12,50,9.06,13.59,1,13.59,0.05,0.01
INV-82384400023,2025-05-08,2515,HY-VEE FOOD STORE #1 (1410) / MASON CITY,2400 4TH ST SW,MASON CITY,50401.0,POINT(-93.23538 43.14926),,CERRO GORDO,1011200,STRAIGHT BOURBON WHISKIES,65,JIM BEAM BRANDS,27408,JIM BEAM HONEY MINI,12,50,7.0,10.5,1,10.5,0.05,0.01
INV-44115400017,2022-01-25,2643,HY-VEE WINE AND SPIRITS / WATERLOO,2126 KIMBALL AVE,WATERLOO,50701,,7,BLACK HAWK,1011200.0,STRAIGHT BOURBON WHISKIES,65,JIM BEAM BRANDS,27408,JIM BEAM HONEY MINI,12,50,7.0,10.5,1,10.5,0.05,0.01
INV-24557600043,2020-01-14,3565,HARTIG DRUG STORE #10 / IOWA CITY,701 MORMON TREK BLVD,IOWA CITY,52246,POINT(-91.574025 41.651984),52,JOHNSON,1011200.0,STRAIGHT BOURBON WHISKIES,65,JIM BEAM BRANDS,27408,JIM BEAM HONEY MINI,12,50,5.4,8.1,1,8.1,0.05,0.01
INV-81913400007,2025-04-24,10115,"FAREWAY STORES, INC. #236 / BONDURANT",114 BRICK STREET SOUTHEAST,BONDURANT,50035.0,POINT(-93.46195 41.68977),,POLK,1011200,STRAIGHT BOURBON WHISKIES,65,JIM BEAM BRANDS,27408,JIM BEAM HONEY MINI,12,50,7.0,10.5,1,10.5,0.05,0.01
INV-21270800032,2019-08-16,5600,H & A MINI MART,145 UNIVERSITY AVE,DES MOINES,50314,POINT(-93.61947 41.600419),77,POLK,1011200.0,STRAIGHT BOURBON WHISKIES,65.0,JIM BEAM BRANDS,27408,JIM BEAM HONEY MINI,12,50,5.4,8.1,1,8.1,0.05,0.01
INV-65261500013,2023-12-14,2572,HY-VEE FOOD STORE / CEDAR FALLS,6301 UNIVERSITY,CEDAR FALLS,50613,POINT(-92.434183011 42.512328021),,BLACK HAWK,1011200.0,STRAIGHT BOURBON WHISKIES,65,JIM BEAM BRANDS,27408,JIM BEAM HONEY MINI,12,50,7.0,10.5,1,10.5,0.05,0.01
INV-24405800007,2020-01-07,5730,JIM'S FOOD,437 SULLIVAN AVENUE,WATERLOO,50701,POINT(-92.355915 42.487326),7,BLACK HAWK,1011200.0,STRAIGHT BOURBON WHISKIES,65,JIM BEAM BRANDS,27408,JIM BEAM HONEY MINI,12,50,5.4,8.1,1,8.1,0.05,0.01
INV-36577000017,2021-05-12,4234,FAREWAY STORES #788 / SPENCER,104 E EIGHTH ST,SPENCER,51301.0,POINT(-95.143388 43.145797),21,CLAY,1011200.0,STRAIGHT BOURBON WHISKIES,65,JIM BEAM BRANDS,27408,JIM BEAM HONEY MINI,12,50,5.4,8.1,1,8.1,0.05,0.01
INV-75380900045,2024-10-16,2517,HY-VEE FOOD STORE #1 (1449) / NEWTON,1501 FIRST AVENUE EAST,NEWTON,50208.0,POINT(-93.03507 41.69897),,JASPER,1011200,STRAIGHT BOURBON WHISKIES,65,JIM BEAM BRANDS,27408,JIM BEAM HONEY MINI,12,50,7.0,10.5,1,10.5,0.05,0.01
INV-60774700008,2023-07-28,6265,KC STORE / STRATFORD,810 IA-175,STRATFORD,50249,POINT(-93.927386959 42.267476997),,HAMILTON,1011200.0,STRAIGHT BOURBON WHISKIES,65,JIM BEAM BRANDS,27408,JIM BEAM HONEY MINI,12,50,7.0,10.5,1,10.5,0.05,0.01
INV-60824500041,2023-07-31,2576,HY-VEE WINE AND SPIRITS / STORM LAKE,1250 N LAKE ST,STORM LAKE,50588,POINT(-95.200872175 42.653411783),,BUENA VISTA,1011200.0,STRAIGHT BOURBON WHISKIES,65,JIM BEAM BRANDS,27408,JIM BEAM HONEY MINI,12,50,7.0,10.5,1,10.5,0.05,0.01
INV-53698700006,2022-12-06,5710,CASEY'S #3763 -WAVERLY,1032 4TH STREET SW,WAVERLY,50677.0,POINT(-92.47551 42.71557),,BREMER,1011200,STRAIGHT BOURBON WHISKIES,65,JIM BEAM BRANDS,27408,JIM BEAM HONEY MINI,12,50,7.0,10.5,1,10.5,0.05,0.01
INV-71211300005,2024-06-14,4626,KWIK SHOP #527 / COUNCIL BLUFFS,"3632, AVENUE G",COUNCIL BLUFFS,51501,POINT(-95.906090017 41.268392988),,POTTAWATTAMIE,1011200.0,STRAIGHT BOURBON WHISKIES,65,JIM BEAM BRANDS,27408,JIM BEAM HONEY MINI,12,50,7.0,10.5,1,10.5,0.05,0.01
INV-28046700008,2020-06-16,4152,FOOD LAND SUPER MARKETS,407 W HURON,MISSOURI VALLEY,51555.0,POINT(-95.899346 41.557404),43,HARRISON,1011200.0,STRAIGHT BOURBON WHISKIES,65.0,JIM BEAM BRANDS,27408,JIM BEAM HONEY MINI,12,50,5.4,8.1,1,8.1,0.05,0.01
INV-26239100023,2020-04-01,2522,HY-VEE WINE AND SPIRITS / SPIRIT LAKE,HWY 9 & 71,SPIRIT LAKE,51360,,30,DICKINSON,1011200.0,STRAIGHT BOURBON WHISKIES,65,JIM BEAM BRANDS,27408,JIM BEAM HONEY MINI,12,50,5.4,8.1,1,8.1,0.05,0.01
INV-50130800058,2022-08-08,5436,SMOKIN' JOE'S #8 TOBACCO AND LIQUOR OUTLET,90 W. KIMBERLY RD STE 55-56,DAVENPORT,52806.0,,,SCOTT,1011200.0,STRAIGHT BOURBON WHISKIES,65,JIM BEAM BRANDS,27408,JIM BEAM HONEY MINI,12,50,7.0,10.5,1,10.5,0.05,0.01